country,year,gdp_growth,inflation,current_account_gdp,external_debt_gni,foreign_reserves_months,trade_balance_gdp,unemployment,real_interest_rate,broad_money_growth
Argentina,1990,-2.46721377810472,,3.22031448392387,46.2282372006326,5.69957895846503,5.72821418510863,,,1113.27240588928
Argentina,1991,9.13311056738961,,-0.341028912950146,35.7191930020236,5.09620553340786,1.59703253775518,5.44,,141.337040313408
Argentina,1992,7.93729155643076,,-2.42494134682425,30.556438109999,5.70506107278321,-1.53460564227824,6.36,,62.4862543855056
Argentina,1993,8.20697907221228,,-3.46617829462144,27.6719318453773,6.74386056512173,-2.40444838036731,10.1,,46.4808250080567
Argentina,1994,5.83620070368526,,-4.26485898465452,29.5945044681267,5.59678188654749,-3.0744484151647,11.76,,17.6402701691858
Argentina,1995,-2.84520961057079,,-1.98346027350929,38.9848417579252,5.47248285450445,-0.410602571195211,18.8,,-2.80555086350306
Argentina,1996,5.52668982715234,,-2.4875930110115,41.6825294657416,5.89789511152116,-0.649274893693637,17.11,,18.820560554349
Argentina,1997,8.1110467707457,,-4.14468006629108,44.742849204167,5.47566058156948,-2.21447863989155,14.82,,25.5347378149256
Argentina,1998,3.85017885156228,,-4.84431604541957,48.5365413234134,5.69914835773996,-2.51886405088506,12.65,,10.4880929410016
Argentina,1999,-3.38545704063269,,-4.21229506178183,55.0294127610094,6.80464213303424,-1.72839593260512,14.05,,4.0855896589592
Argentina,2000,-0.78899893905691,,-3.15992237703676,54.2417099417586,6.28322204626374,-0.649694312619028,15.0,,1.53103363312449
Argentina,2001,-4.40883968258557,,-1.40694788500181,58.4932935172091,4.29371406025342,1.30576071351812,17.32,,-19.4362184816831
Argentina,2002,-10.8944848285903,,8.97078467784247,159.890183546743,5.27543170673438,15.0124696397722,19.59,,19.7088538926378
Argentina,2003,8.83704079576924,,6.37990680177011,133.474955613907,5.70013745215415,11.2171378217363,15.36,,29.6348527788152
Argentina,2004,9.02957330068152,,1.95058324319273,114.783966038451,5.77837779911896,7.00259273903135,13.522,,21.4273104900815
Argentina,2005,8.85165992013437,,2.65363142179073,74.2469415660219,7.26029776298213,5.94048249709131,11.506,,21.513918560906
Argentina,2006,8.04715150043027,,2.79449564264943,52.8779757006235,7.02897239370493,5.61990933570791,10.078,,20.2627350951633
Argentina,2007,9.00765087504757,,2.1036160391819,43.1501917496034,8.17153428618646,4.38033000444218,8.47,,24.4656256111237
Argentina,2008,4.05723310346406,,1.49940141614234,36.7967786223547,6.71425831138327,3.71912738621024,7.837,,8.06469999443141
Argentina,2009,-5.91852507634947,,2.1785669619099,41.4241623275672,9.06749992875245,5.06484320667575,8.645,,16.9999162699207
Argentina,2010,10.1253981561002,,-0.383118699737132,30.9491301873404,7.27697103967374,2.8966335471722,7.714,-8.56602872006595,33.7780442392202
Argentina,2011,6.00395169280579,,-1.00728084144866,27.7441780087921,5.20195157798821,1.69226329066661,7.18,-7.77340523607891,25.7005383846759
Argentina,2012,-1.0264204544321,,-0.39159512386959,26.2396878854826,5.21829041219894,1.94917655233833,7.217,-6.74819555440488,34.9018334185138
Argentina,2013,2.40532378079436,,-2.37749566620572,27.8097452222931,3.46015205462157,-0.0995822252265794,7.1,-5.48583918237907,27.0263720438839
Argentina,2014,-2.51261532081394,,-1.74400211981355,29.8319023900009,3.96299919336678,0.404163533523684,7.268,-11.6006987702162,29.8462271877007
Argentina,2015,2.73115982828944,,-2.96292666513533,30.3597130322943,3.36214425707702,-1.07492198807163,7.577,-1.31470878459509,39.4502278963513
Argentina,2016,-2.08032784377811,,-2.70922168361454,33.3125611167404,5.09719624487539,-1.03969751087799,8.088,-7.00603984304116,41.5840608913242
Argentina,2017,2.81850297775918,,-4.8399592180739,36.0210140421607,6.0503876658256,-2.64903441833118,8.347,0.455892832330463,30.1194291866375
Bangladesh,1990,5.62225816160344,6.12671846981457,-1.25927364158709,38.132901218472,1.91198264759593,-7.14986903932067,,7.80321557561621,10.3997729100629
Bangladesh,1991,3.48522781598027,6.35736412278234,0.208651431216537,41.1077239040266,3.98697845284492,-5.56460294780885,2.2,11.7189873524356,13.7080462134458
Bangladesh,1992,5.44268554966725,3.63407691798491,0.570158867838371,41.343960770498,5.16226710857487,-4.76065168170884,2.233,11.0503571312982,12.0351247456094
Bangladesh,1993,4.71156172453999,3.01481859989798,1.08321175697211,41.4603414935952,6.16106193397942,-5.08704499839871,2.31,13.7409692658164,10.5142057495778
Bangladesh,1994,3.89012644116818,5.31374007936497,0.590988260289111,44.4817833582431,6.84678620368457,-4.86277726200569,2.37,9.12576468789752,19.3340029829848
Bangladesh,1995,5.12127789724337,10.2978117947206,-2.171548898913,40.2456434408221,3.66017664054906,-6.48022764869586,2.441,5.45528455877529,12.1487674978574
Bangladesh,1996,4.52291921684423,2.37712902953223,-2.13490813503246,31.8346085535008,2.93493311214598,-6.663072424334,2.51,-5.16455193045819,10.7342435469674
Bangladesh,1997,4.4898964976265,5.30560105668801,-0.59346471814869,28.7377820855822,2.40641918586197,-5.28477227538213,2.698,8.8533210419986,9.74278713340029
Bangladesh,1998,5.1770268731498,8.40223795613228,-0.0703537046583936,30.16083573981,2.84708895657642,-4.36540094540208,2.893,7.8256481093584,11.4140158859684
Bangladesh,1999,4.67015636882111,6.10669589841958,-0.710651968609123,31.1302505036908,2.1339501450385,-4.87065578565318,3.088,8.97864304812777,15.4713469310962
Bangladesh,2000,5.29329471892532,2.20825620937535,-0.573042663299639,28.312285791779,1.81568793543261,-4.63331190592,3.27,8.99820323770434,19.3471284299834
Bangladesh,2001,5.07728777526728,2.0071737421384,-0.991687231894648,26.9258696430478,1.56412229383146,-5.32489865688189,3.609,9.25695571842855,42.997616972519
Bangladesh,2002,3.83312393993225,3.33256493271912,1.35086830489484,29.3237754107195,2.1882157411816,-4.14744285676103,3.966,8.38969935744535,14.5004266360705
Bangladesh,2003,4.73956739963045,5.66870773441476,0.218816448007947,29.4649511156153,2.7552144985094,-4.79558750827543,4.32,5.88445428042499,14.0682975492094
Bangladesh,2004,5.23953291029852,7.58753638504689,-0.428022753319864,29.0231053050116,2.87524327591525,-4.56521625697246,4.316,5.58235561080844,14.1293203090175
Bangladesh,2005,6.53594493875502,7.04661816222038,-0.250074173604546,25.5020847255283,2.1708623494519,-5.61125106860847,4.25,5.76426911966502,15.8133861572755
Bangladesh,2006,6.67190498576788,6.76526117054757,1.66592495150091,26.5815575749539,2.6135323040014,-5.40499730201458,3.591,5.46699380857838,20.21561984781
Bangladesh,2007,7.05859935449848,9.10698496905382,1.07621521358966,25.4056316582734,3.04979272256787,-5.95171296019259,4.015,5.7891114361705,13.5483462879994
Bangladesh,2008,6.01378975738535,8.90194489465153,1.01071124669571,23.6567567728032,2.63271435761636,-7.30319706840754,4.49,4.66174256991599,16.4072102783218
Bangladesh,2009,5.04512479919337,5.42347236174679,3.47023264645131,22.9455982553559,5.0637313016922,-6.21253041179636,5.0,6.14653833234914,20.2444007675396
Bangladesh,2010,5.57178818533122,8.12667639169917,1.82909794723497,21.3233746649766,4.32087922221626,-5.75461729944892,3.379,4.7361235689611,21.0788579048495
Bangladesh,2011,6.46437912497728,11.3951651552399,-0.125842241657654,19.4870042621521,2.78355229779505,-7.57669992470208,3.737,5.06419768574566,16.9153675617309
Bangladesh,2012,6.52145877906443,6.21750422069283,1.93195276968292,20.1641903015642,3.85125480802238,-7.78774502092175,4.07,5.34333265873121,17.0113225651337
Bangladesh,2013,6.01360565834344,7.53040640913172,1.3723251518825,20.0259278722599,4.90974781514543,-7.22065450305774,4.426,5.98869390231371,14.8498128345291
Bangladesh,2014,6.0610593588495,6.99163889220848,0.43715979764451,19.1263744321957,5.58168526462512,-6.53476020678819,4.417,6.88586627746747,15.6102159133793
Bangladesh,2015,6.55263987816197,6.19428022984983,1.32188871858147,18.656464728563,6.8309139901541,-7.41264873394109,4.397,5.5126443159056,14.8923360012126
Bangladesh,2016,7.11347821270093,5.51352572692995,0.351171861174517,14.9717904789002,7.60387702099136,-3.49174117172236,4.35,-13.6421356407859,16.6977571298921
Bangladesh,2017,6.59024999794057,5.70207015717238,-2.03756600416726,16.8057450414319,6.76886499116675,-4.36023689123365,4.372,4.27653989369391,13.7393957256101
Brazil,1990,-4.35000000000022,2947.73277248299,-0.978435952386691,32.1065884304153,2.9297685435826,1.23887388797918,,,640.868514747835
Brazil,1991,1.0321895854696,432.786661926461,-0.423222688518064,36.2352775207343,2.90417921149638,0.763195435092725,6.887,,501.616587503433
Brazil,1992,-0.544072051030298,951.962053052817,1.85533923420663,40.2284403068835,7.68235720772797,2.48324853329106,7.086,,1749.38273093026
Brazil,1993,4.92469000463774,1927.38079016026,0.0054304179361759,40.2418824846136,8.32447041844801,1.40722276336528,6.03,,3280.65272709834
Brazil,1994,5.8528703643893,2075.88839757325,-0.219464439580805,30.2671190323539,8.50057189488635,0.351393057937806,6.579,,1102.38325242776
Brazil,1995,4.2237936336472,66.0070335542481,-2.35736569352814,21.2189844098868,7.99060658364421,-1.92670992225409,7.092,,44.302154919907
Brazil,1996,2.20886405051482,15.7576656002606,-2.73368737115542,21.6665361778305,8.64001092885265,-2.17517210895787,8.035,,31.0349042272703
Brazil,1997,3.39484598531597,6.92671251629154,-3.63826178042493,22.9073572977231,6.36862290275463,-2.60891010876418,9.003,65.4088449823572,17.2433206742621
Brazil,1998,0.338097901952338,3.19507629280051,-4.05145702418442,28.6093884024265,5.35795221353622,-2.37758425892372,10.15,77.6168379916665,12.019348129374
Brazil,1999,0.467937566679467,4.85844749902666,-4.46660492637973,42.1767806671039,4.99722590078223,-1.85236995475089,11.125,67.060917103827,18.115344500041
Brazil,2000,4.38794944364869,7.04414105947265,-4.04774157195875,38.096473476996,4.14153415965172,-2.26366534727728,10.889,48.5047281831843,19.7046372390105
Brazil,2001,1.3898964044581,6.84035902487523,-4.44478598177802,42.4435005758245,4.44144456291018,-2.19286368016883,10.649,45.6378187168125,38.4078080654788
Brazil,2002,3.05346185683619,8.45016437708331,-1.84525902808169,47.0768538372546,5.36911462837761,0.84282314051407,10.641,48.3404374497978,6.14361610731487
Brazil,2003,1.14082899877101,14.7149197228147,0.392877198829747,43.6447539570516,6.80818213950273,2.22118268994289,11.168,46.447398837078,18.5842465790452
Brazil,2004,5.75996463685998,6.59718509985963,1.33863085372603,33.9781537953332,6.01897746167501,3.4132705474457,10.072,43.7791527215823,13.5668304135261
Brazil,2005,3.20213206216255,6.86953720898964,1.30988468509779,21.7546275711234,5.01765489488027,3.40086332508593,10.551,44.6351688572486,18.3523037555262
Brazil,2006,3.96198870899485,4.18356812896909,0.972710373980306,17.9925275401458,6.60632794970043,2.70693271632332,9.692,41.240326487245,16.7581028383866
Brazil,2007,6.06987060733128,3.64127299102652,-0.197096994827677,17.4373059288235,10.7535621523233,1.36273883281938,9.28,35.0225154508309,22.0199737935591
Brazil,2008,5.09419544811998,5.67859390284168,-2.09933746626458,15.8956462087501,8.3314223289523,-0.189568389813193,8.268,35.3667577888094,17.8824581798215
Brazil,2009,-0.12581200299141,4.88803479876798,-1.75935802585413,17.2780448195865,12.9658318881251,-0.403233335994505,9.419,34.792009638163,15.69467992336
Brazil,2010,7.52822581812151,5.03872690108074,-3.92594539867631,16.4609633891935,10.22806088851,-1.04100856118554,8.42,29.1158055183637,13.7188868720295
Brazil,2011,3.97442307944702,6.6364496221309,-3.19461785178244,15.8516033318801,10.5265784637235,-0.769379817979991,7.578,32.8334595056712,16.5779267982988
Brazil,2012,1.92117598509462,5.40349914036997,-3.75941536826245,18.3256247191339,11.6309530113885,-1.35919546894867,7.251,26.5820905353339,13.2068989805399
Brazil,2013,3.0048226702888,6.204310666401,-3.57422104702554,19.8377244708135,11.2049871023409,-2.30149603468294,7.071,18.498844416907,10.1376898272109
Brazil,2014,0.503955740273241,6.32904015516138,-4.49883030905232,23.1060429665359,11.3474043536961,-2.661520175459,6.755,22.4036724327293,12.9118870591697
Brazil,2015,-3.54576339347278,9.02990102416136,-3.5183920728161,30.7299282835538,14.6482488458147,-1.15324309993983,8.538,33.8323439713292,11.5589675466884
Brazil,2016,-3.2759169063211,8.73914352329393,-1.70011360207642,30.9090873467642,16.6034201407585,0.399676008549295,11.58,40.6983614299632,11.3908022394486
Brazil,2017,1.32286905390815,3.44637335032669,-1.22429942889483,26.8156664558868,14.8647023427237,0.718201366834365,12.792,41.7138078837267,4.19019691967834
Bulgaria,1990,-9.11737709565379,23.8000000000002,-8.28805964230479,57.3261240943265,,-3.60867668636237,,,
Bulgaria,1991,-8.4453552045466,338.449111470111,-1.00803036109064,171.30414564208,1.85374990408092,4.27413411938099,11.1,,
Bulgaria,1992,-7.27238799030242,91.2979327269303,-4.18347903386454,139.905864263831,2.68125705113378,-5.82669322709163,15.3,9.06847540328998,51.6650517115229
Bulgaria,1993,-1.48021486966819,72.8787913866333,-10.1439569086651,114.458533949538,2.06157321534785,-7.62796922047508,16.4,17.0524850708729,53.8779980572524
Bulgaria,1994,1.81801131807214,96.0573382686505,-0.327523059360731,103.278283812224,3.06170222703777,-0.625,12.8,17.2611749587835,77.4813057385557
Bulgaria,1995,2.89713914920901,62.0548336837992,-0.135850360240092,55.9218913764098,2.77001817574111,9.41633344490808,11.1,-23.9591157206933,40.4640048887849
Bulgaria,1996,5.20539313761572,121.60754244925,0.127694549820565,87.137654548603,1.58927739983238,11.1733182024554,12.5,139.963713201283,123.889203285358
Bulgaria,1997,-14.1153808127271,1058.37355921973,3.77249199928312,101.279459928496,6.16204950654193,12.6886386168565,13.7,-69.1063591045788,351.448616965317
Bulgaria,1998,3.78912095803497,18.672204442064,-0.411896973671685,77.332349149359,5.57541561964369,6.83748829083314,12.2,-14.8320466228749,11.7561368067168
Bulgaria,1999,-8.3960909560701,2.57304281890212,-4.78204293615307,87.679290084473,5.58699847701804,-4.57538604898403,14.1,9.85227659204596,13.3736479971378
Bulgaria,2000,4.58722541447194,10.3162621289989,-5.31244317187738,92.9274464693374,5.06208594997952,-5.30799064742676,16.218,3.69017826886915,30.8003149309128
Bulgaria,2001,3.82370364608695,7.3609392723184,-5.6731506146362,79.3534606296674,4.72685382885862,-9.31873390276496,19.921,4.7051830095992,25.9580435618066
Bulgaria,2002,5.87193108148227,5.81014365721825,-1.94499895270126,73.528507135529,6.23124206345649,-7.97500357512782,18.11,5.16085367037714,12.3446393024171
Bulgaria,2003,5.23715364977618,2.34864169582757,-4.83403725480626,66.3590388601474,6.28139750475338,-10.1799936137189,13.733,6.2178221831923,20.2042406274785
Bulgaria,2004,6.51042578445376,6.14713074246266,-6.38864100782165,62.8051151479317,6.1991827208698,-11.1506174186701,12.037,3.11585448116752,24.0079394665183
Bulgaria,2005,7.05634873469204,5.0388380711191,-11.2057222505032,61.7897122108128,4.73649347307267,-14.6550797111868,10.083,1.93886978015724,21.4931941705546
Bulgaria,2006,6.80258943603174,7.26159462769946,-17.0539269972642,83.5303829724867,4.91885156630853,-17.0917054920237,8.951,2.0008627659768,26.9273327223457
Bulgaria,2007,6.65438792422609,8.40253419005893,-25.74090199742,106.474863441669,5.27541830304725,-18.8224889694362,6.878,-0.948807878192513,31.2858764745145
Bulgaria,2008,6.12955841579208,12.348719599402,-21.7973306729886,102.355249001114,4.77127508823713,-19.7334294214169,5.609,2.55123055462124,8.85665216433777
Bulgaria,2009,-3.34714149737695,2.75320223914819,-8.18150231666307,110.575238378222,7.4173160642989,-8.25494542914658,6.817,7.11672360544814,4.17212643201534
Bulgaria,2010,1.55535979911015,2.43899060504117,-1.9030145044976,102.154723903704,7.10039795594446,-3.184432445217,10.279,10.3015199756547,6.30450909887787
Bulgaria,2011,2.09017507758604,4.21990346601872,0.47240619236303,85.4390374104161,5.58943857466941,0.158311145300866,11.26,4.25643887692505,12.181322544942
Bulgaria,2012,0.748815411928831,2.95456829831012,-0.973570351440539,95.9901816200883,6.68143666155464,-3.27877332561756,12.27,8.50741240012361,8.43229352228001
Bulgaria,2013,-0.542751388861134,0.890093540913096,1.21578102455384,94.6293061986107,6.02230817674563,-0.558725683671548,12.941,8.96500627436584,8.9357713737632
Bulgaria,2014,0.949449090947894,-1.41818380264839,2.19248481630297,83.3878250602764,6.10251132213109,-1.14675521447482,11.424,6.83027968605849,1.14402767166476
Bulgaria,2015,3.39755336780412,-0.104633261008479,0.0183981701477746,82.2109970267088,7.53795270024179,0.83619226345342,9.143,4.37223780646195,8.76553644651916
Bulgaria,2016,3.02662841229517,-0.798649886453617,3.10225979122961,76.7179340519249,8.46109739767253,4.91634670236497,7.575,2.97072318273149,7.60685832515517
Bulgaria,2017,2.74592676054861,2.06159619443141,3.24645323045642,71.0172266155605,8.23276924635762,4.346613786491,6.164,0.59767072570277,7.70576446040099
Chile,1990,3.59872304691744,26.0364811362364,-1.44968764303319,,7.14900044892737,3.21525207004874,,21.472611103024,24.2444285445799
Chile,1991,7.75620189312957,21.7844124277757,-0.25554288126347,,7.66578870983007,4.46221180521409,5.23,5.72133651969467,26.9741137081853
Chile,1992,11.5019314370192,15.4258064688927,-2.0561295791378,,8.23840818452573,1.64839325983439,4.35,9.30522724057307,26.0801784390471
Chile,1993,6.6855844008042,12.7277669490963,-5.11105015900292,,8.24707920583699,-1.82374205130753,4.49,10.9266135761299,24.5375002735213
Chile,1994,5.07680374667352,11.4431196444972,-2.76296605169419,,9.78937723178402,1.69835200497938,5.87,5.74606631591614,11.6694985587633
Chile,1995,9.25542757753573,8.23263034116114,-1.82822028885922,,8.1486305612366,2.27372300834435,4.7,6.38855352000336,24.3475256018565
Chile,1996,7.1148626270751,7.35911781788767,-3.92274308347759,,7.62414656344971,-2.01985488943958,7.414,13.6749448779555,20.094079349474
Chile,1997,7.3917392684331,6.13386464357927,-4.26887262850026,,8.0165916626005,-2.34328963573726,7.136,11.9419486829006,24.4673526760198
Chile,1998,4.18088662700669,5.11024954517559,-4.77915592737757,,7.529561695931,-3.54901568098968,7.307,19.240628326491,13.2940124003087
Chile,1999,-0.2736313981937,3.33687917526023,0.131436581248041,,7.9890586585589,1.92261793937384,11.158,10.2119697724669,12.9848172513259
Chile,2000,4.9716214882971,3.84327295706565,-1.14568457860136,,6.85717827919585,1.53558466848799,10.491,9.83487325107737,9.09259869123507
Chile,2001,3.15403492459967,3.56910053001466,-1.53703377110131,,6.80413071957788,1.54985556357474,10.39,7.30156423972337,82.588308363306
Chile,2002,3.20279913520113,2.48939816650705,-0.825565731667287,,7.41200312328543,2.03058880745798,10.168,4.27461224669902,6.07916276465261
Chile,2003,4.72324526861041,2.8101787574361,0.21460039582268,,6.63634219064209,4.42852947069517,9.765,1.80102821473996,-0.512352386177694
Chile,2004,6.67425416822923,1.05473871403516,3.26056295397732,,4.98972009871919,9.48213897088254,10.162,-1.77319533208462,9.55333017615042
Chile,2005,5.83704571917758,3.05257621387849,1.91109059952903,,4.02468955854158,8.28860978381072,9.34,-0.413027483221693,11.1916460143186
Chile,2006,6.04999082563968,3.39201733699405,5.49643732024025,,3.5884763491194,14.0197133569953,9.024,-3.87220104358339,19.1863915854218
Chile,2007,5.16823098528431,4.40779938398044,5.05557874807609,,2.63014804778966,13.2826790770804,8.427,3.40902444709341,18.7545814121829
Chile,2008,3.78939280635238,8.71626873039607,-4.18826982519764,,3.07151116745676,1.6484953410816,9.285,12.9104701991509,0.236514470150661
Chile,2009,-1.11803723642878,0.353045178360936,1.43974883336493,,4.57044718649424,7.54523862820243,11.313,3.54597211267264,-4.69795098726649
Chile,2010,5.85165102224047,1.4107110795432,0.896881680744073,,3.77838926811689,6.09030849994899,8.547,-3.76879580128202,7.71445579506161
Chile,2011,6.22389678509138,3.34121694259302,-4.91713901662884,,4.49169430998686,2.89791774140996,7.492,5.58745776542778,22.8766979282293
Chile,2012,6.15534001855494,3.00744840213047,-5.32849119001729,,4.42879460913549,-0.464961882582782,6.79,9.22337834222408,10.3007746397346
Chile,2013,3.30850824710085,1.7895555398459,-4.77606541666957,,4.42389600639615,-0.968360774039771,6.361,6.84632643680272,11.7428680339608
Chile,2014,1.79264947139259,4.71867527854671,-3.46029991877659,,4.73426591501765,0.373177811066081,6.761,2.1210253100164,8.74251950539312
Chile,2015,2.15194249981184,4.34877353217044,-2.73506821605392,,5.45339619283524,-0.96695149686618,6.605,0.534100501734634,9.15150410432211
Chile,2016,1.753038749071,3.78619355893118,-2.62065852365988,,5.78588755052344,-0.211544868128117,6.926,0.982913248021622,4.90181744939997
Chile,2017,1.35769537343957,2.18271846868519,-2.75779980852367,,4.90281936187665,0.636594700755544,7.257,-0.262655305184403,0.556021107539523
Colombia,1990,4.28199833053058,29.1520245976215,1.13284627622115,38.233466133341,6.14324307436318,2.94752767697511,,-5.09823082650427,
Colombia,1991,2.00160759559029,30.3878204854435,4.77635581102987,36.5740662733225,9.28346805592216,4.65915971016549,10.12,15.2865727569671,32.8410928222499
Colombia,1992,4.04492943933556,27.010626623136,1.54179329402071,31.2814134661587,9.01324448135516,-0.574481952921505,9.44,11.4580593676428,39.0322790153926
Colombia,1993,5.38540993901029,22.4424828533275,-3.1640347587015,29.8024890744946,7.02412147667846,-5.80848087400583,7.8,8.35840500361894,39.0100341947419
Colombia,1994,5.81466190724336,22.8462417553044,-4.48814605215356,27.6999659118892,6.06218586588259,-5.92081378100043,8.25,14.5466691682475,45.7348710917547
Colombia,1995,5.20243759278655,20.8917930194849,-4.8816442586875,27.8846116349691,5.55385498998114,-6.4297445393461,8.72,19.5413245385255,28.2328580125072
Colombia,1996,2.05585471287195,20.7975755127401,-4.77689886981533,30.7144459884853,6.21006550947991,-5.64518378353415,11.81,20.9582073177271,21.0279620938304
Colombia,1997,3.43029367788374,18.4700217119089,-5.39146862906034,30.9377199355586,5.50497562649279,-5.91398060173793,12.14,14.4388808944533,23.8811471536528
Colombia,1998,0.569784088434517,18.6769799276671,-4.93441634428213,34.5291474379304,5.26353880321726,-5.89422137953144,15.0,23.3781484628965,11.3581980959744
Colombia,1999,-4.20401524244947,10.873687085747,0.778526882820605,41.0313495533181,6.21433789847813,0.543878186128783,20.06,14.919570901239,11.8974582029556
Colombia,2000,2.92486148176778,9.22534818585365,0.846461525527854,35.1307035253078,6.1180706614625,-0.836806038430737,20.52,-11.1379559197299,3.64844934326372
Colombia,2001,1.67789830787579,7.96556090304834,-1.05937674050926,38.2285357809693,6.35050313316504,-3.12684026194261,15.04,13.3324808386691,19.5857328904759
Colombia,2002,2.50398046659659,6.35150728778872,-1.31623163816019,35.2321410584203,6.88344697376659,-3.35149985936908,14.481,9.77520490167062,4.60750532418349
Colombia,2003,3.91827190322513,7.1297886294186,-0.963598625978888,40.8305173251463,6.38908287123236,-3.36558409370468,13.221,7.823797977733,10.5253958714064
Colombia,2004,5.33302206759905,5.90402005546502,-0.66148309595793,33.8305465816031,6.5394329700927,-2.32192408419493,13.717,7.27050966250741,19.2887753120297
Colombia,2005,4.82876110773741,5.05101962689695,-1.33773107053945,26.4288454610035,5.66028976102223,-3.48061001662929,11.062,9.36261382966903,17.6334785783414
Colombia,2006,6.71686869844402,4.29342363628926,-1.8486662357596,24.5225615573863,4.86472956969639,-4.18418045932433,11.088,6.6972959736936,17.9495885478403
Colombia,2007,6.73819469090975,5.54438485815155,-2.9819266093631,22.1755705052841,5.20777056364352,-4.23261284556109,11.204,9.67644438040683,17.3922512072947
Colombia,2008,3.28344618616541,6.9968849555451,-2.67924104556952,20.0914383123795,4.91891189527839,-2.94845914628772,11.273,8.82101697806746,18.4819792755539
Colombia,2009,1.13964864548062,4.20251661216481,-1.90692601755576,23.7976051164425,5.98237462562041,-2.3071371323075,12.066,8.59454735357291,8.05588580513637
Colombia,2010,4.49465897070922,2.27200227892008,-2.99583091222973,23.2994559987977,5.43925016289305,-1.58291364922986,11.153,5.3722240266131,11.4576625933083
Colombia,2011,6.94789198173555,3.4150334477625,-2.90611447190462,23.7443318388225,4.6377835264632,-0.917413407902453,10.288,4.54296484242238,18.9238170418615
Colombia,2012,3.91263576716115,3.16930188840055,-3.14008013112592,22.2297739762115,4.96194403534215,-1.2127404513381,9.959,8.65535095377731,16.0716080723658
Colombia,2013,5.13399351995672,2.01699224310383,-3.23615067105019,25.1172990915029,5.77599378124282,-1.81376935497197,9.246,8.90797441037777,13.734793833431
Colombia,2014,4.49903000110972,2.89883787761737,-5.19843119341789,28.2553484044421,5.95800832936949,-4.21796742180854,8.799,8.44294935194344,9.19089669585043
Colombia,2015,2.95590137527523,4.98983115849529,-6.37230442230879,39.1551312422504,7.29304800301966,-7.06034109945172,8.572,8.78547373201402,11.4209959856794
Colombia,2016,2.08738250162794,7.51346024627674,-4.45195067751588,43.2364464218603,8.32883468161759,-6.76837442780702,8.922,9.03209505722643,7.18656806506316
Colombia,2017,1.35936086788746,4.3143132569501,-3.18224191114871,41.1813299968956,7.88739431363664,-4.99233544565771,9.086,8.13449112757921,6.78977108858741
Czechia,1990,,,,,,2.33174671063697,,,
Czechia,1991,-11.6149423646776,,,,,5.5445950692367,2.27,,
Czechia,1992,-0.506542343116848,11.086500072223,,,,1.19668628000653,2.6,,
Czechia,1993,0.0619042423607254,20.8130295438428,1.1330967168381,,3.06353294755,1.11758038860498,4.349,-5.73344204281665,
Czechia,1994,2.90930948412982,10.039429835143,-1.70139298961709,,4.06820370960562,-1.1287466385511,4.284,0.691074579532453,20.4062668052917
Czechia,1995,6.22140598863832,8.99052361478448,-2.26757320329168,,6.45100702835205,-3.04412005292391,4.082,3.38363954755193,29.3035088367041
Czechia,1996,4.16858426915319,8.75877472878111,-6.08746771318312,,5.05090461032752,-4.80148389943039,3.852,2.39677580275877,6.44123124876803
Czechia,1997,-0.595838414214853,8.59615666715564,-5.79107713467812,,4.01381054291563,-4.11703254048203,4.674,4.47675776383419,1.66441096857714
Czechia,1998,-0.393150193750415,10.6983655274888,-1.94722596154938,,4.81549143488794,-0.311035537170268,6.455,2.70365496897382,3.36261767489274
Czechia,1999,1.37836060943835,2.13544844417329,-2.23483455253069,,4.90433405365224,-0.475548841671169,8.702,5.40074227528591,2.62410396113678
Czechia,2000,4.010669619984,3.77538829151729,-4.3260595580812,,4.58071732730925,-1.85394007584281,8.764,5.30935765444498,16.0008377494391
Czechia,2001,2.9172195289956,4.66267556988257,-4.80305110479948,,4.46576349284033,-1.29319093338643,8.128,2.15547557271369,11.1836501134686
Czechia,2002,1.51345949139996,1.90298097019026,-5.16274750389644,,6.40560317960462,-1.31977994916557,7.28,3.81700338630022,-11.0921984156473
Czechia,2003,3.300836832613,0.118739205526814,-5.76037419921863,,5.80061149516572,-1.51221394064726,7.777,4.47349835914559,6.56493026178685
Czechia,2004,4.73633969683438,2.76010781671153,-3.70977039606132,,4.45464422861041,0.624980366133953,8.298,1.89356535889596,7.35915245544553
Czechia,2005,6.37502886086791,1.85709789109228,-2.0469317715426,,3.88346125750415,2.32644557856745,7.927,5.65220713144792,10.997177074229
Czechia,2006,6.62317299177447,2.53399258343633,-2.55771892805224,,3.40314344039935,2.72295008968198,7.141,4.87710352410918,12.9505971665106
Czechia,2007,5.48882595164517,2.8531243721117,-4.70721210136984,,2.93549317382147,2.42434519887705,5.316,2.15091681482255,16.1173743136305
Czechia,2008,2.61226807205139,6.3586638015237,-1.86377838067906,,2.69520146778592,2.16363133810387,4.392,4.1414575390881,13.5862283105176
Czechia,2009,-4.79832416684926,1.01937735329229,-2.35286468331655,,3.78584623174099,3.90231415243423,6.662,3.25857708536232,0.213326566463229
Czechia,2010,2.71466509907701,1.47272727272728,-3.48120039690542,,3.4011152471983,3.02671591429801,7.281,6.404026181808,1.87646679713886
Czechia,2011,1.77238085338473,1.9172191363555,-2.1691537824734,,2.778860195725,3.75041968278696,6.712,5.95212889532356,2.75445022953148
Czechia,2012,-0.770668190622743,3.28762306610411,-1.501449440317,,3.20715800025192,4.72942555651656,6.979,4.00947030915855,4.79031675688789
Czechia,2013,-0.0418124160447491,1.4382978723404,-0.519137991701544,,4.00464304760228,5.65856026765101,6.953,3.65186851296449,5.81022899915709
Czechia,2014,2.24521219862635,0.343988589646793,0.217020094001342,,3.66748464275924,6.28694759765381,6.108,1.88711079614098,5.91995715715869
Czechia,2015,4.95875848915604,0.309364548494975,0.446971205922034,,4.8979981403957,6.0067332887199,5.048,3.01082711223738,7.95092278730706
Czechia,2016,2.58087013921376,0.683504209385702,1.74734921729713,,6.46822553951747,7.66966134837075,3.952,2.38051334351634,6.52779079563308
Czechia,2017,5.17356529967881,2.4505339846014,1.35301705500193,,9.82284804756292,7.61803039149359,2.893,1.87456261929575,10.3570967013429
"Egypt, Arab Rep.",1990,5.66702915715818,16.7563747077691,5.41428288100209,78.8457727674791,2.7202192317211,-12.2129436325678,,1.06753529927353,28.7303704743851
"Egypt, Arab Rep.",1991,1.12540459520747,19.7485448195578,9.010952,86.6419730599405,4.83918542246939,-7.91111111111111,9.38,3.20463879554998,19.3388988677434
"Egypt, Arab Rep.",1992,4.47285918408184,13.6374241717218,7.81250251617541,74.0896473366142,8.41790817833103,-2.51617541337168,8.92,1.67092489009465,19.4282371508746
"Egypt, Arab Rep.",1993,2.90079079959442,12.0897922868977,5.44885051546392,65.4923875025721,9.63384813500966,-4.25257731958763,10.92,9.10124138379186,13.2490090880719
"Egypt, Arab Rep.",1994,3.97317218034541,8.15423128587096,0.0597325714285714,62.362127998641,9.74068552709608,-5.48571428571429,10.93,7.43541940070965,11.214676771765
"Egypt, Arab Rep.",1995,4.64245877240639,15.7422305021595,-0.422212745098039,55.3438841620587,10.74421294187,-5.14705882352941,11.04,4.55215763100247,9.89651519458344
"Egypt, Arab Rep.",1996,4.98873056512208,7.18710369719992,-0.283898866608544,46.2968747922495,11.0837353085716,-5.44899738448126,9.0,7.91322048801275,10.8359039924112
"Egypt, Arab Rep.",1997,5.49235474302942,4.62560578826438,-0.905827378713802,37.94020848832,10.5123535115083,-6.05490786009778,8.37,3.56345275833192,10.7719639585706
"Egypt, Arab Rep.",1998,5.575497460986,3.87257546427489,-3.02491579679889,37.7513678480621,10.1824240884763,-9.49895615866388,8.03,10.3918989204566,10.776409714942
"Egypt, Arab Rep.",1999,6.05343878467555,3.07949912638332,-1.80221287386216,34.1163848938461,8.04371613685886,-8.25747724317295,7.95,11.9358224030606,5.66364173921057
"Egypt, Arab Rep.",2000,6.37000382991766,2.68380535348546,-0.972570273448986,29.1436697781484,6.92773642731753,-6.61570126433402,8.98,8.919600974251,11.5813216570176
"Egypt, Arab Rep.",2001,3.53525197391507,2.26975720475955,-0.401718427655422,28.9819896399422,7.45748900818792,-4.85085029272372,9.26,11.2145133756356,13.2152512344865
"Egypt, Arab Rep.",2002,2.39020402573726,2.73723855000334,0.730979150171549,34.8088896707165,8.25026634670868,-4.35471100554236,10.01,10.3000319439949,12.6303720351456
"Egypt, Arab Rep.",2003,3.19345473739745,4.50777636319303,4.66231377245509,37.9984128219101,8.55089573372284,-2.58682634730539,10.91,6.32702594810347,21.2797596244131
"Egypt, Arab Rep.",2004,4.0920716112534,11.2706193320519,4.97788419534309,39.9656119503054,6.63684137548041,-1.35998351535133,10.32,1.52690342883876,16.239251112765
"Egypt, Arab Rep.",2005,4.47174447174434,4.86939696871988,2.34529559888579,34.1985013048919,7.32906037591455,-2.26555246053853,11.049,6.52364099171319,11.4893543447633
"Egypt, Arab Rep.",2006,6.84383819379117,7.64452644526434,2.45322162862231,28.7414925057896,7.36480504492886,-1.61890885543144,10.49,4.88079671789458,15.0021125763594
"Egypt, Arab Rep.",2007,7.08782742681038,9.31896905799229,0.315552631578947,26.2922867901955,6.95056522562451,-4.57841031149302,8.8,-0.0776285947232149,19.1142488177078
"Egypt, Arab Rep.",2008,7.15628356605819,18.3168316831684,-0.868821887213847,20.6637689686303,5.97060049450949,-5.59463986599665,8.517,0.107853154662391,10.482895270236
"Egypt, Arab Rep.",2009,4.67359979952391,11.7634954386443,-1.7707391095759,18.7094477594032,7.35827452765158,-6.63980042218384,9.087,0.710036320068467,9.47259209811699
"Egypt, Arab Rep.",2010,5.1472348575531,11.2651882653185,-2.05668307641306,17.1484993453553,6.70121378987163,-5.23785844521797,8.757,0.818721618124323,12.4185133406482
"Egypt, Arab Rep.",2011,1.7645719489982,10.0649259874818,-2.32378812632193,15.3121406993227,3.28531568230902,-4.12077893662023,11.849,-0.563878053386473,6.66488573646993
"Egypt, Arab Rep.",2012,2.22619979863525,7.11172943343082,-2.49788021735236,14.6941589979995,2.48779534146602,-7.91783603033379,12.597,-6.26271950249128,12.3473047869843
"Egypt, Arab Rep.",2013,2.18546605362143,9.4697198106492,-1.22513249838744,16.5588608179564,2.73003963526373,-6.33734680713825,13.154,3.29215715258349,18.8907165816396
"Egypt, Arab Rep.",2014,2.91591187985748,10.0702154687481,-1.94849131455399,14.0020767838652,2.21204888604566,-8.43192488262911,13.105,0.414129139027758,15.7663852078814
"Egypt, Arab Rep.",2015,4.37201907790141,10.370490343517,-5.23529137853431,15.4090910799379,2.59707505474828,-8.47825197430337,13.052,1.54106846018941,18.6049644446138
"Egypt, Arab Rep.",2016,4.34664345555447,13.8136062148289,-6.16465951871263,21.0959884446522,3.88541069587349,-9.55562117073891,12.45,6.92201135491608,39.5091419937945
"Egypt, Arab Rep.",2017,4.18122099994778,29.5066083940038,-3.19681566782461,34.6961018574758,5.72306111855627,-12.8039607210263,11.767,-8.75819408094445,20.4504936953442
Ghana,1990,3.32881788321653,37.2590664855671,-3.79004857894482,67.1825395645799,2.34550665847414,-8.97239730923354,,,13.3013555787278
Ghana,1991,5.28182639834429,18.0314390089849,-3.81712748889921,67.5806484135476,4.42983980152273,-8.56125714667055,3.489,,39.0778235900456
Ghana,1992,3.87941908037517,10.0561167448841,-5.87583998572894,71.4446234130278,2.50363037311722,-11.5416848771351,4.7,,52.2838288895183
Ghana,1993,4.85000055379412,24.9598424742497,-9.36182299010873,83.4370496359906,2.72280635350854,-16.1612819916841,5.231,,33.5006446907483
Ghana,1994,3.29999973947747,24.8702554369576,-4.67466144092219,102.508416556627,3.92260831058858,-11.5038808837656,5.9,,52.5695180526964
Ghana,1995,4.11241897162861,59.4615536991446,-2.22295003676613,93.7533418821525,4.26354831215991,-8.4302024072139,6.484,,43.1718945131123
Ghana,1996,4.60246115564627,46.5610196762282,-4.42593921260815,94.8986674127679,4.39696090180287,-7.98057978427862,7.091,,39.1983548906241
Ghana,1997,4.19635744019571,27.8852086407527,-5.85456469341193,93.9281531264451,2.80207190177376,-20.5812561112135,7.639,,44.0871618701727
Ghana,1998,4.70039078427911,14.6241666666675,-6.9730710672988,95.0735868867058,1.43690460499833,-12.8568397317299,8.2,,17.4893122804785
Ghana,1999,4.39999682545296,4.86539785077528,-12.4939914333473,94.0360761469128,1.57562472627131,-17.5484261265902,10.1,,25.4171404865604
Ghana,2000,3.70000008164408,40.240933123914,-7.75495051706689,139.443581025134,1.06719389754897,-18.4439149249609,10.456,,54.2441562068798
Ghana,2001,4.00000012807919,41.509496287803,-8.04286187367619,131.770132028794,1.21971784706324,-19.5798212273481,9.615,,56.5342181125258
Ghana,2002,4.49999955900331,9.36093239560313,-1.70668468981884,126.562832119902,2.17027994747621,-12.2567393884818,8.711,,39.2141694378057
Ghana,2003,5.200000133101,29.7729797160384,1.33224533437262,111.158074007368,4.04866980793435,-15.9290604117132,7.728,,23.2408348630501
Ghana,2004,5.59999999077445,18.0427388232565,-6.64520344576759,83.4220114525133,3.73514236982432,-21.0636841043908,6.758,,27.2751758721829
Ghana,2005,5.90000381855104,15.4389920155908,-10.280631865678,76.2429877949672,3.3229314583965,-25.2730802132,5.816,,19.467508436325
Ghana,2006,6.39991260618034,11.6791839392492,-5.05660776463669,29.8321093533139,3.20805003973377,-15.2066732621238,4.897,,39.3405151334715
Ghana,2007,4.34681910440079,10.7342665456292,-9.58130961421888,33.6669797693266,2.53281170109432,-16.3041410764434,5.104,,36.8344989637411
Ghana,2008,9.14979893831817,16.494639613412,-11.6021635051277,35.2167135896258,1.90391780434853,-19.4553110121285,5.144,,39.1781719013763
Ghana,2009,4.84448705175076,19.2469482220857,-7.28314283327412,49.9435765043797,3.78332230012958,-13.0110065711427,5.362,,24.7390650635889
Ghana,2010,7.89971194051621,10.7333898354915,-8.5327330566748,56.7993406394068,4.25120343144955,-16.4243798253677,5.384,,31.9177315237162
Ghana,2011,14.0471235803149,8.7284593709302,-9.00258173366362,55.9323652551077,3.41339545523002,-12.4222367544507,4.213,,33.9949504391736
Ghana,2012,9.2927894063005,11.1863409441067,-11.9009237632838,59.0969632571457,2.89531175178269,-12.449598780609,3.126,,25.1392334638315
Ghana,2013,7.31252501678145,11.6661923071729,-9.07624953901069,46.662899214813,2.77836087217601,-9.87775510942056,2.173,,19.5005541805707
Ghana,2014,2.85624016330883,15.4896160333318,-6.75690272053076,55.0300254159213,3.16791053807696,-7.37275812188307,4.403,,37.2926416981227
Ghana,2015,2.12075933817334,17.1499695007878,-5.7116156025854,65.2895144150849,3.09310285341032,-8.85786127758497,6.806,,25.5740170073904
Ghana,2016,3.37346574966936,17.4546347070868,-5.04424020618629,64.6271141908687,3.20054453410844,-5.49052114786246,5.256,,22.4990133892161
Ghana,2017,8.12889488100956,12.3719215507048,-3.31643027470141,58.7440328132317,3.34414965865392,-2.7946157304754,3.369,,16.06563109197
Hungary,1990,-3.49665976181741,28.3695996532777,1.09803288439459,,1.11712147167346,,,2.47397792355931,29.1909062262874
Hungary,1991,-11.8920408618435,34.8175429072704,1.15628180527935,,3.71623913990038,-0.784063496399715,8.5,-0.414709330879182,29.3872193814771
Hungary,1992,-3.06418034558638,23.6557207806552,0.905662683648786,,3.70728427219896,-0.174381921495758,9.942,9.49789997690751,41.2910043070108
Hungary,1993,-0.576108518425613,22.4642346133809,-10.5883858606661,,4.93064231845361,-7.12259007813796,12.098,3.41902846514139,17.686634450335
Hungary,1994,2.94715455541068,18.8680749869283,-9.35987499538879,,4.9580675110116,-5.60592999579935,10.847,6.61885453373283,14.1837038166775
Hungary,1995,1.48952547593046,28.3054683706654,-3.67533531615297,,6.84080807818872,0.0446582270871701,10.168,4.63616749801287,20.8895743235396
Hungary,1996,0.101234227633242,23.4690301919185,-3.95886426279274,,5.14113372068767,0.520267113534442,10.022,4.38064309564756,22.2415531997985
Hungary,1997,2.97787906543104,18.3050744143799,-4.51433363272401,,3.81768158519781,0.997973691879181,8.991,1.25160556446569,19.722036464114
Hungary,1998,3.84810814449837,14.153789654534,-7.62873647734146,,3.60723968742157,-1.5495444746149,8.925,4.8469166582727,15.5987416668332
Hungary,1999,3.08605811588221,9.99774409303368,-8.35837228319571,,3.99244526266877,-2.72358291239697,6.929,7.60077556937831,15.6730008086139
Hungary,2000,4.40937501806403,9.80361016908125,-8.82808863842537,,3.57866017979503,-3.69862996241986,6.563,2.74050611292344,12.6071364747875
Hungary,2001,4.06202617226026,9.11680911680911,-6.11450861059176,,3.20054987455938,-1.31437346554513,5.671,0.980904285816731,16.351253642184
Hungary,2002,4.73006530805553,5.26544821583985,-6.44836058797406,,2.70225469127688,-2.13465850480848,5.608,1.96434573154422,13.8213670591371
Hungary,2003,3.93877761242727,4.66101694915254,-8.26371787576548,,2.62591549233693,-4.0997618216912,5.79,3.97739464988351,10.9522648352945
Hungary,2004,4.96312536156307,6.74434679569469,-9.08123363089424,,2.5248971815901,-4.48745056470586,5.832,7.30604086882551,11.5374961722861
Hungary,2005,4.30028318461673,3.56151711378352,-9.88681019702465,,2.48843705883252,-2.96176809327875,7.189,5.76699055471228,14.7001207705754
Hungary,2006,3.93393162712054,3.93032603841001,-7.28544270320023,,2.54957160225846,-1.61855861140076,7.494,4.2510081795742,13.802586238336
Hungary,2007,0.332354337878925,7.9587451654491,-7.28636440088967,,2.19349799926092,0.0428989091364727,7.406,3.45799175068604,11.0115510911465
Hungary,2008,0.993437085479655,6.0425125388106,-7.26832036226062,,2.64547882706979,-0.0453343895935213,7.817,5.13519758378989,8.70968343367451
Hungary,2009,-6.7401660845502,4.21171171171171,-1.21974951373381,,4.4997421146486,3.40002191341932,10.03,6.5473062011842,3.64840284210126
Hungary,2010,1.06795068152046,4.85555795691956,-0.188218208390541,,4.28656145330659,4.66804700510687,11.172,4.93090529604046,4.26720050740063
Hungary,2011,1.91670916599742,3.9299209893507,0.428842717780173,,4.28237217503758,5.63195342647645,11.029,6.27203112740386,6.66657429838231
Hungary,2012,-1.33948446518181,5.65214517088646,1.0790451227521,,4.31681177187642,5.99952080267247,11.003,5.95314070328022,-4.6368980672588
Hungary,2013,2.03216990678146,1.73319984983101,2.99109062228032,,4.38117231683849,6.31154562265781,10.177,3.37347129461548,7.80915596675156
Hungary,2014,4.33435364113967,-0.227566270988219,0.747477578049868,,3.74202411287159,5.69597313412194,7.725,0.730458422702216,2.49536992372764
Hungary,2015,3.65981615406955,-0.0616446800641672,2.11856059497338,,3.41856896913722,7.57902978025714,6.813,0.0888354976318103,5.68164520375055
Hungary,2016,2.43864141309342,0.394769306686392,4.40234047330024,,2.62688532938793,8.2509824194736,5.115,0.756515735395003,7.23837066916986
Hungary,2017,4.12418389451805,2.34824281150154,1.71954655139941,,2.49519454988071,6.4594508496291,4.156,-2.45695485576676,7.78736534613451
India,1990,5.53345456125301,8.9712325027325,-2.19193586906134,26.3503860119686,2.0364027734552,-1.39956104190741,,5.26952699827423,15.0666135109567
India,1991,1.05683143496063,13.8702461773683,-1.58891131223691,31.8999260564656,2.92296631274637,0.000754989935874379,7.641,3.62471659575062,18.3169522756133
India,1992,5.48239602040357,11.7878170418134,-1.55624498023457,30.9287372170104,3.37116986123404,-0.74724519178629,7.649,9.1327494058766,16.8624949702528
India,1993,4.75077621776924,6.32689048779867,-0.67161886953087,33.157477335464,5.07094897356213,0.016895123258149,7.662,5.81477651213036,17.0076625114277
India,1994,6.65892407028434,10.2479355556119,-0.512193818555587,30.2990427010044,6.88055422641742,-0.301974544034664,7.593,4.33710973757939,20.2777282522801
India,1995,7.57449183788519,10.2248861637544,-1.54413181166043,26.3321749588569,5.13385971679428,-1.17951263612542,7.57,5.86417810908186,11.0111211014187
India,1996,7.54952224920051,8.97715233826453,-1.51595497295367,24.1426536681275,5.00904589274727,-1.15914932817409,7.537,7.79299430029867,18.7362743385538
India,1997,4.04982084998183,7.16425211462724,-0.713014326393887,22.8125471917776,5.39180134948694,-1.23795223028994,7.574,6.90957899531884,17.6567542931141
India,1998,6.18441582172117,13.2308389767977,-1.63832533358649,23.5364642994774,5.67437685311531,-1.66253172044436,7.596,5.1212763287722,18.1730148042763
India,1999,8.84575555939531,4.66982038037594,-0.70354723219324,21.9170329671142,6.3114813371029,-1.91146881869106,7.583,9.19124732238965,17.1491804784346
India,2000,3.84099115659129,4.0094359104519,-0.982342580017137,21.8228803066691,6.1214797944893,-0.906450287751646,7.589,8.34261083140927,15.1717076348441
India,2001,4.82396626555771,3.77929312235637,0.290495460210206,20.6760979408451,7.45295243694094,-0.876495485614968,7.611,8.59144929637163,14.3205506885788
India,2002,3.80397532112175,4.29715203929563,1.37093793900847,20.6731997171964,10.3730834871592,-0.979895086431919,7.681,7.90717718897463,16.7611647429304
India,2003,7.8603814759073,3.80585899528851,1.44355773291234,19.7091758741244,12.2832820147208,-0.696608416561172,7.633,7.30788116038414,13.0336110878156
India,2004,7.92293661199932,3.76725173477515,0.110018010197154,17.5588240572864,11.3051095119994,-1.78556413335122,7.598,4.9101283033462,16.7323329477412
India,2005,7.92343062148318,4.24634362031922,-1.25350400207393,14.8800140528443,8.51847317184618,-2.79117622520215,7.551,4.85514517186609,15.5999038993872
India,2006,8.06073257166651,5.79652337561634,-0.988988302952292,17.0996791242773,8.91992866511894,-3.18859765487213,7.553,2.5706067017683,21.6331411155837
India,2007,7.6608150670107,6.37288135593231,-0.663717648772608,16.8414102457773,11.1391919314526,-4.08686918154154,7.562,5.68184406453711,22.2715028743619
India,2008,3.08669805921981,8.34926704907581,-2.58337749259837,19.0572058938661,7.71425265694143,-5.17350591894442,7.629,3.77175624965394,20.4952098768781
India,2009,7.86188883286074,10.8823529411764,-1.95146209111801,19.2155611185983,9.77371114314451,-5.471830894171,7.636,4.80859210766597,17.9958392170653
India,2010,8.49758470221235,11.9893899204244,-3.25348368945179,17.520327243228,7.76063411026839,-4.45333999982715,7.631,-1.98385922139866,17.8021770638972
India,2011,5.24131619937695,8.91179336483371,-3.42928468606061,18.5055609944676,6.18879010347658,-6.54305737438719,7.609,1.31798086194015,16.1375893445465
India,2012,5.45638755166587,9.47899691419801,-5.00488971805303,21.7351878662519,5.90371509588661,-6.72486040591518,7.645,2.47352048880901,11.0456966601662
India,2013,6.38610640094825,10.0178784746102,-2.64566711733892,23.3008757774803,6.02774649537524,-2.98240934563964,7.678,3.86599286270871,14.8315300046496
India,2014,7.41022760508854,6.66565671867899,-1.33950896483452,22.7049198417658,6.5991330802017,-2.98625973083243,7.656,6.69517609043592,10.5873816012219
India,2015,7.99625378571471,4.90697344127256,-1.06754907167964,23.0297689509967,8.00309182929655,-2.29653555305562,7.629,7.55648841353986,10.6177245568846
India,2016,8.25630550179086,4.94821634062141,-0.527880606037518,20.0812235448632,8.43013905768235,-1.76601589208677,7.611,6.2327114148242,6.80095412358039
India,2017,6.79538341897911,3.32817337461298,-1.43948820320988,19.5049373712632,8.1627186694363,-3.15896727592607,7.626,5.32760886237311,10.4310437100352
Indonesia,1990,7.24213163856464,7.81919756505635,-2.81513051122,69.2097820289503,3.13746645310853,1.71965651860047,,10.7531630625024,44.5574285244908
Indonesia,1991,6.91198283591309,9.41906784347004,-3.6528272008554,71.6253896554606,3.27992052287353,1.86295725393954,2.617,15.4148670582966,17.5259362533464
Indonesia,1992,6.49750651682714,7.52351006242677,-2.17141753355818,72.1827292070828,3.33166241980596,3.18749290550225,2.734,15.6069117143453,19.6221806853583
Indonesia,1993,6.49640812045304,9.6719108926401,-1.33285487006627,58.6589656180412,3.38379068304971,2.98624095521867,2.782,1.20357312645775,20.0565018833961
Indonesia,1994,7.53997109551439,8.53199829189143,-1.57836291535994,62.6316042166298,3.23073711587063,1.1457546536717,4.366,9.26307725112063,20.2022726168412
Indonesia,1995,8.22000739903493,9.42030300572996,-3.1815838591366,63.4083656403461,2.90213829092754,-1.33426003725737,4.611,8.16295467111803,27.5237198773438
Indonesia,1996,7.81818707670867,7.97328096513346,-3.37028227381292,58.2997070519768,3.49495904632741,-0.615639692959397,4.861,9.69941919220801,27.0806823379176
Indonesia,1997,4.69987885390397,6.22615154887214,-2.2660591852136,65.0972744894654,2.95480794337669,-0.27537224241424,4.684,8.21356548046801,25.2548720561877
Indonesia,1998,-13.1267254923818,58.4510413515526,4.2924639876273,168.197820298444,5.23322602998226,9.75007677188731,5.459,-24.6001680758639,62.7628704083026
Indonesia,1999,0.79112608199847,20.4778324428892,4.13060184583257,117.372155084583,6.09229450072995,8.08434530752776,6.358,11.8265264283871,12.2333155048434
Indonesia,2000,4.9200677470169,3.68862037056682,4.84306452849134,93.4911161187874,5.26483607241347,10.5177410303677,6.077,-1.65421247091313,16.6231305374338
Indonesia,2001,3.64346644721492,11.5001160550887,4.30104853135351,85.8981488426231,5.66905378340598,8.27107066539839,6.082,3.71998595702973,11.8708383967112
Indonesia,2002,4.49947539085764,11.9001200338414,3.99852690784087,67.6712950758861,6.2952679657633,6.29578000930272,6.604,12.3224124961922,4.75790231642729
Indonesia,2003,4.78036912167654,6.75731256333564,3.45304287667862,59.5235915692802,6.7749044109302,7.33881581463063,6.657,10.8520711478648,7.93771986383966
Indonesia,2004,5.03087394501685,6.06406189133648,0.60856132991737,56.3318184494941,5.42056321095301,4.6720943998287,7.303,5.1344102312341,9.14397251295485
Indonesia,2005,5.69257130383384,10.4532001873347,0.0970882462390686,52.2624366052956,4.10478485517762,4.14659938713492,7.945,-0.245735467014772,16.3351639133099
Indonesia,2006,5.50095178520348,13.108670985346,2.97870868013903,38.9556674021265,4.91547534687069,5.4123058137465,7.551,1.65815142163521,14.943188750138
Indonesia,2007,6.34502222667214,6.40656087966005,2.4272641269679,35.6690596510526,5.67712529732225,4.04218699204524,8.06,2.3396740908807,19.3251210206586
Indonesia,2008,6.01370360009123,10.2266663272483,0.0246933252771075,32.0905086784049,4.00096264531687,1.05516870345029,7.208,-3.85224502633452,14.9228673286607
Indonesia,2009,4.62887118256153,4.38641311792074,1.96977056223519,34.45488447984,6.5468457568992,2.80611796855043,6.106,5.7479520957843,12.9517964413527
Indonesia,2010,6.22385418062366,5.13420639015885,0.681277286848336,26.9770756416871,6.86991432991074,1.89678799740786,5.614,-1.74609753559601,15.4022877708819
Indonesia,2011,6.16978420771008,5.35604849112582,0.188703954012604,25.2959557496368,6.05969044940625,2.47469299365683,5.153,4.59437674883757,16.4297838459004
Indonesia,2012,6.03005065305615,4.2795142691943,-2.66027359471414,28.3221912785509,5.58937942738165,-0.394140722908962,4.468,7.75018856489028,14.9549924820176
Indonesia,2013,5.5572636889101,6.41249457900391,-3.18996482895809,29.7818700830084,4.95031846769599,-0.79021991656832,4.336,6.37493124212137,12.7796979445433
Indonesia,2014,5.006668425755,6.39492882396559,-3.08816907525921,33.981834153142,5.74432339947263,-0.748206391649349,4.049,6.79211858069728,11.8795193618472
Indonesia,2015,4.87632230022123,6.36312061196646,-2.03504192745968,36.9878652515237,6.44616105766404,0.38271827808234,4.514,8.34991063469474,8.99699007638042
Indonesia,2016,5.03306918280177,3.52580452815451,-1.81915089251384,35.3699048723645,7.22588805609531,0.756645905001065,4.301,9.2244323441321,10.028498820515
Indonesia,2017,5.06978590134916,3.80879857691949,-1.59465689989364,35.9645370946451,7.08716242011101,0.999111799760611,3.783,6.50156399609039,8.27552807924628
Kenya,1990,4.19205097155167,17.78181442992,-6.14864237117799,85.9692823704326,0.905754364014743,-5.63570175185397,,7.33279706635565,20.0572811300831
Kenya,1991,1.43834679171559,20.0844955754632,-2.61695502722967,95.8287706134185,0.629961988546891,-1.51443457632647,2.78,5.74551264802526,19.5727307777043
Kenya,1992,-0.799493958641349,27.3323644475784,-2.19456227261349,87.8233129467514,0.377010781285894,-0.410121722558514,2.894,1.82532918773243,39.0214305866637
Kenya,1993,0.353197256227247,45.9788813036218,-4.55283291776748,131.899672456245,1.01264024619,4.94877897604404,2.979,3.41347240700279,28.0334398779034
Kenya,1994,2.632784517837,28.8143894306731,-6.28016452471492,104.989738995445,1.19428117069984,2.81443644751947,2.955,16.4281098918437,23.177872414758
Kenya,1995,4.40621652482287,1.55432816055009,-17.4462157792244,83.7618607478318,0.744332521017326,-6.56233920229767,2.848,15.8016483365158,29.0004780909347
Kenya,1996,4.14683926876013,8.86408741577522,-7.97941568440555,57.6458704752809,1.58899816171393,-6.91090680496164,2.773,-5.77658854011697,25.3250564596369
Kenya,1997,0.474901921293579,11.3618450505783,-13.6528022501099,49.9477374885962,1.3221198012845,-8.68434215701929,2.818,16.8795684948995,20.1946630476641
Kenya,1998,3.29021372249065,6.72243650753928,-18.6798241248732,48.8621957249724,1.08477468835102,-8.55872028501841,2.843,21.0963260259133,2.93125162562463
Kenya,1999,2.30538859522412,5.74200109520484,-18.3407041847877,51.2837287259863,1.10704304398421,-6.5268045918945,2.884,17.4540487833673,6.48769519649102
Kenya,2000,0.599695390807426,9.98002515350979,-1.5693516563302,48.8816816711472,2.73411154985089,-10.1339021027024,2.884,15.3274334465867,4.90789773108046
Kenya,2001,3.77990649795343,5.73859814341467,-2.46632258412886,42.8030792314832,3.03115422003869,-10.0836832999909,2.876,17.8125009681692,5.64036301414031
Kenya,2002,0.546859530175595,1.96130821739162,-0.894975876340371,46.7971661071858,3.16809045543056,-5.37672703460492,2.916,17.3581406445428,9.88881025957129
Kenya,2003,2.93247554570904,9.81569062979654,0.888450320310784,45.5616989858586,4.03534915529281,-5.95863528488702,2.869,9.77051092711816,11.7872992352311
Kenya,2004,5.10429977629738,11.6240355442426,-0.818703017571567,43.3540299808694,3.33882804802791,-6.25648619783431,2.844,5.04525759665483,13.4716639858768
Kenya,2005,5.90666607980057,10.3127783574683,-1.34655849731384,34.7059410831863,3.11957154190373,-7.46080573557718,2.739,7.6099875458817,9.90837157352701
Kenya,2006,6.47249430015484,14.4537342081708,-1.97646990538245,26.0902560577936,3.47614201270206,-9.26660583735804,2.673,-8.00986697136361,16.9719063758045
Kenya,2007,6.85072976998784,9.75888023027529,-3.2293696026957,23.8155904871498,3.88514278671835,-10.0568062178661,2.642,4.8190907881851,20.4230451768644
Kenya,2008,0.232282744812977,26.2398166445063,-5.52329630288282,21.4473704486947,2.7031114252704,-12.2304835408597,2.751,-0.984996972294316,15.5488382042457
Kenya,2009,3.30693981631089,9.23412592394652,-3.98728888063666,23.2191740274624,4.0119842682637,-8.39530082957784,2.816,-10.0960035655484,16.457322945514
Kenya,2010,8.05847360290906,3.96138889115385,-5.21669389712651,22.2953111640431,3.75096597496825,-10.1455680545248,2.793,12.526958492458,22.3616746976769
Kenya,2011,5.1211061197056,14.0224913014704,-8.14880935200662,23.9314455090232,3.05887618096078,-15.3032518329067,2.699,4.52618583226899,19.1520541858486
Kenya,2012,4.56867961444982,9.37777003547598,-7.47587166159348,23.5760157767792,3.68947261189705,-11.8937965774814,2.678,9.31351134458285,14.3923227362879
Kenya,2013,3.7978483925754,5.71749357037733,-7.85152228564967,25.277644789086,4.117937395654,-11.8802814063994,2.762,9.29394635969952,15.2783251317678
Kenya,2014,5.02011100232484,6.87815499275949,-9.34004850596924,27.916456980179,4.36592170439433,-13.2248804305914,2.767,8.24907899217325,26.5212626467094
Kenya,2015,4.96772112759767,6.58215429284779,-6.30459656347733,31.3058278228131,4.85820155529876,-10.0699168850011,2.762,6.26880578270388,16.0698098990173
Kenya,2016,4.21351706814744,6.29724953814625,-5.3970086381703,28.5315668521598,5.24445206958816,-8.36552997183063,2.757,10.1181287134987,3.89041034386153
Kenya,2017,3.83795817364721,8.00564967709945,-6.99683322084958,33.4901470475528,4.22919808384003,-10.5217379926624,3.542,5.65674761585908,9.00832756301999
"Korea, Rep.",1990,10.0248996213899,8.57327225728677,-0.960131298063108,,2.32180625211208,-0.853213592204829,,,17.1741698553492
"Korea, Rep.",1991,10.8749739277708,9.33279048161495,-2.35688840135155,,1.83932275079553,-2.31476499300502,2.407,,21.8874213149947
"Korea, Rep.",1992,6.35159199606441,6.21328146355184,-0.79068728488668,,2.25508362112236,-0.684268185648941,2.513,,14.9415254257527
"Korea, Rep.",1993,6.99471791742556,4.80099660215354,0.416090198515083,,2.53421136398603,0.295933213735821,2.878,,16.5807350400535
"Korea, Rep.",1994,9.3718357757101,6.26585950039679,-1.00035102707401,,2.61642803792074,-0.727850583615544,2.476,,18.6773909254307
"Korea, Rep.",1995,9.7358937505409,4.48074108557248,-1.74482962406712,,2.49162519314958,-1.21502802711532,2.063,,15.5931841953706
"Korea, Rep.",1996,7.99042982526839,4.92454354292754,-3.87535195507046,,2.30980927061515,-3.31150973554085,2.048,6.81075611229248,15.8277442341608
"Korea, Rep.",1997,6.2821926537929,4.4389318457463,-1.83493782106041,,1.39905230868822,-0.949166996727933,2.608,7.71806095927101,14.1437236837087
"Korea, Rep.",1998,-4.9389297463141,7.51358008079307,10.0964211010999,,5.14613795652844,10.1447968693229,6.963,10.3168076677618,27.0261851359618
"Korea, Rep.",1999,11.6172629559591,0.81295725444637,4.22430160551507,,6.02012281185595,5.12966478667257,6.342,10.8949040050841,27.3766401341697
"Korea, Rep.",2000,9.2018583880479,2.25916580080157,1.7039361599544,,5.81220374170108,1.66978772372385,4.063,7.54111863718284,25.4257746478018
"Korea, Rep.",2001,4.72593560322356,4.06657587897792,0.381489475071825,,6.81867907289459,1.29800739187832,3.699,4.02519600370863,85.2030807974552
"Korea, Rep.",2002,7.74399895319569,2.76226210296599,0.625539996245813,,7.55038951610631,1.06928534204662,3.046,3.64966247633618,13.9998911970542
"Korea, Rep.",2003,3.07472661826947,3.51487451459939,1.55223664563709,,8.33289295687719,1.4652050095921,3.348,2.57995467101811,2.98069024193587
"Korea, Rep.",2004,5.1836368597334,3.59066298882578,3.55783305096389,,8.54332338799098,3.29279711964965,3.42,2.55986121207347,6.30831998688382
"Korea, Rep.",2005,4.35823667337156,2.75379162735039,1.25636444462509,,7.61490774363077,2.08487849630543,3.482,4.40527011082801,6.98905937684345
"Korea, Rep.",2006,5.24500550580342,2.24234028518921,0.191275272898578,,7.27710997239579,0.516485614105957,3.254,6.16075413094103,12.5129608596578
"Korea, Rep.",2007,5.8419633918717,2.53457382137932,0.857760495298849,,6.85652160718251,0.75902040763082,3.013,3.9416601586454,10.8199645314506
"Korea, Rep.",2008,3.00440451679569,4.67389655533408,0.160592800145373,,4.46436257694186,-0.38905282072439,2.959,4.10863165815276,11.9562036963622
"Korea, Rep.",2009,0.81986175641795,2.7564965449393,3.36575830090763,,7.80292095600634,3.89662914724742,3.363,2.07481127238993,9.88594854042114
"Korea, Rep.",2010,6.98166138853071,2.93928652655686,2.34320897623578,,6.5467233974824,2.51585366507856,3.324,2.71883334374472,5.97887647571808
"Korea, Rep.",2011,3.6880320602952,4.0259650043609,1.27290610804572,,5.39203401880799,0.882025073458368,2.992,4.42580144247274,5.4758619616047
"Korea, Rep.",2012,2.54766550568242,2.18707104433314,3.65378622367594,,5.76906053221769,2.52979033798748,2.812,4.05140294190715,4.8064654842376
"Korea, Rep.",2013,3.2913959543442,1.30134754547413,5.38513504027402,,6.19845985710316,4.30019462255103,3.067,3.52829393471496,4.63889133228525
"Korea, Rep.",2014,3.21468019683108,1.27477446401322,5.33522703805369,,6.54230372996404,4.64098293740656,3.082,3.17863075274962,8.14449306578048
"Korea, Rep.",2015,2.92029267301234,0.70633177245575,6.82937629347486,,7.9205453756485,6.54808545154575,3.546,0.295335527644416,8.19074818640474
"Korea, Rep.",2016,3.17152748983935,0.971685739912168,6.20103649558332,,8.38848501351327,6.32625298509034,3.65,1.27867160404439,7.1231560157317
"Korea, Rep.",2017,3.433191763972,1.94433230786366,4.39896168114518,,7.55831770286656,4.50563915770476,3.653,1.42899755923416,5.10474089994852
Malaysia,1990,9.00852713774628,2.61780104712051,-1.97596593915066,,3.6044141151064,2.04398686608275,,4.79541772279953,-43.7382575357264
Malaysia,1991,9.54546741443052,4.358333333333,-8.51147688277301,,3.21126841488093,-3.66034161214884,3.7,5.56337120990198,16.8771825011186
Malaysia,1992,8.88511797832156,4.76722829992821,-3.66302477841909,,4.43574333299294,1.35649911734646,3.71,7.56479177810498,71.9121062599959
Malaysia,1993,9.89494333377064,3.53658536585389,-4.4711197835,,5.83748784402236,-0.0998873363764126,4.11,5.81213391154941,26.3624955122874
Malaysia,1994,9.21204179334867,3.72497055359284,-6.06906128911756,,4.31341404796643,-1.60338891134293,3.64,4.64398300884851,11.5083208186672
Malaysia,1995,9.82908519730812,3.45057509584895,-9.74414011928345,,3.16588836476111,-3.93485951104179,3.15,4.91789276941431,18.5254741222616
Malaysia,1996,10.0027006861844,3.48855945858916,-4.4241026644928,,3.41210256522721,1.38531994387779,2.52,6.04112247803348,18.4846986454946
Malaysia,1997,7.32274185035924,2.66251459711946,-5.93493554436093,,2.5718898112105,0.913784843591973,2.45,6.90550976035381,16.0355965133424
Malaysia,1998,-7.35941518817556,5.27034200348766,13.2035212438437,,4.31564595525575,21.9952478966824,3.2,3.35068161944531,0.229557897177802
Malaysia,1999,6.13761201057692,2.74456130240604,15.9240800095756,,4.43774392672585,25.0518679097232,3.43,8.51401065477759,12.0988672196889
Malaysia,2000,8.85886816969386,1.53474023697699,9.04991849068885,,3.31032261008637,19.2126284718618,3.0,-1.08573897723978,10.0477651051237
Malaysia,2001,0.517675319192861,1.41678473206098,7.85355934414698,,3.77910372568466,17.4403467024412,3.53,8.84851289556281,11.6359105759612
Malaysia,2002,5.39098830692797,1.80787246281536,7.12945542035369,,4.03512981463616,17.2543728944477,3.48,3.29631237075616,4.48402432914587
Malaysia,2003,5.7884992858875,1.08967632577286,12.1423505560344,,5.007262129418,19.6917632393993,3.61,2.90603239825627,8.6271799396196
Malaysia,2004,6.78343772370305,1.42127115937402,12.0877738119346,,6.16483766943989,20.372409545025,3.54,0.0344787905461849,12.6871027279104
Malaysia,2005,5.33213916141486,2.97507092684449,13.9199700905602,,5.94300135813715,21.9433089639389,3.53,-2.67317410418221,8.79316995043841
Malaysia,2006,5.5848470671515,3.60923564224389,16.1037222225662,,6.20407077455397,21.793814847583,3.32,2.40900097691566,13.6310078113537
Malaysia,2007,6.29878592740947,2.02735317779569,15.3811208611024,,6.70420376771247,19.8710433763189,3.31,1.45673534665713,7.92253576816132
Malaysia,2008,4.83176988913097,5.44078221100769,16.8597967039905,,5.5892632154465,22.3308297043051,3.34,-3.90338193758431,10.535425110552
Malaysia,2009,-1.51352871598714,0.583308405623702,15.7230105263055,,7.24461462096016,20.2746132814856,3.62,11.7823929563059,7.73992812591865
Malaysia,2010,7.42484738326097,1.62285235577035,10.0556778509323,,6.34115209858424,15.9158252519375,3.32,-2.11327732642702,7.34773605081976
Malaysia,2011,5.29391283414003,3.1744709215131,10.905001967915,,6.91559543869623,15.5731996099735,3.05,-0.471868633960644,14.6279382858505
Malaysia,2012,5.47345419253853,1.66357102479206,5.18877994987762,,6.96382782004854,10.758073085049,3.04,3.7484193736755,8.84601972895075
Malaysia,2013,4.69372252557893,2.10501231233612,3.46614353655811,,6.66725243910912,8.53709059565252,3.14,4.46753081745693,7.39740068231736
Malaysia,2014,6.00672194558203,3.14299050879095,4.39159166153875,,5.67002202010293,9.27476607470968,2.88,2.06851821643173,6.30404808616764
Malaysia,2015,5.09153242155011,2.10438980238359,3.00891850128321,,5.50777041074819,7.52730934889102,3.1,3.30703770408129,3.04353513238196
Malaysia,2016,4.44978139761541,2.09056659525742,2.36768591329055,,5.64270997827513,6.65188088280173,3.44,2.82594518260627,2.80113360263019
Malaysia,2017,5.81272240983328,3.87120115774237,2.807870911226,,5.50760741130422,6.86831164523785,3.41,0.798926040327277,4.64463909345224
Mexico,1990,5.25004329944582,26.6516725646771,-2.85201728941809,41.4065546579064,2.30528819968242,-1.11075431498621,,,83.7854952672977
Mexico,1991,3.97590497138043,22.662359455061,-4.75442816258017,37.5066955910725,3.55524780127227,-2.91975509021086,3.145,,49.2084217398401
Mexico,1992,3.56861354412243,15.5078962533573,-6.73040694268406,31.8061738071114,3.18858335706006,-5.04000701816192,3.235,,23.5725224239772
Mexico,1993,2.86699945461075,9.75146045357553,-4.41375552546445,25.4259968879293,4.06437524271201,-2.97115419431017,3.365,-17.2485708602521,16.8996029755523
Mexico,1994,4.39412788764169,6.96581237191123,-5.35786349392844,25.8625661019977,0.883109318233717,-3.64928070910383,4.436,10.0953390422856,20.1081987626414
Mexico,1995,-5.91029962358286,34.9992712889592,-0.414680790187327,45.4530367262507,2.82554644014576,2.06602211605181,7.095,14.8566758536659,31.8557435232858
Mexico,1996,6.21829715869302,34.3783832235168,-0.580284830782932,37.6815596061517,2.71075061116895,1.6784403703765,5.465,7.64743965456214,27.0111848582944
Mexico,1997,7.19887615284711,20.6256287259247,-1.46431251799993,29.1474328822531,3.40567406946924,0.0192687222807484,4.235,3.74260655837951,56.8495331731946
Mexico,1998,6.18507893082885,15.9283950119353,-2.8688383681894,31.4567835757741,2.4492236787245,-1.58838534968979,3.733,9.19688961880313,17.4488953641526
Mexico,1999,2.75503039300564,16.5856169707538,-2.21778204046026,30.0607831007405,2.20924037805729,-1.17853107803576,2.598,7.30444482115276,18.7479247860382
Mexico,2000,5.02928399378261,9.49156149435403,-2.52707170138346,24.5014645736466,2.01762486355417,-1.44806225098916,2.646,5.62825957284796,-4.48743089482922
Mexico,2001,-0.450845253215945,6.36773806235037,-2.23003398954777,25.9016210744203,2.63689971681986,-1.6576886022459,2.627,5.9376464525908,18.8441357070664
Mexico,2002,-0.236588001922641,5.03072733151295,-1.52936520808687,24.1586324842924,2.98006982310122,-1.5063054123769,3.003,2.56725076182637,5.07161043787901
Mexico,2003,1.18554486709559,4.54690012118718,-0.526761129661888,26.3218083485224,3.44046588174088,-1.38922986272749,3.455,2.63026612664734,9.34288539528672
Mexico,2004,3.56544100946846,4.68840884843143,-0.464775659455354,25.8629949355891,3.28782723404344,-1.83390801755218,3.937,-0.62812236257935,13.0461064261901
Mexico,2005,2.11324712586392,3.98805714597437,-0.623534401583354,24.1351947655204,3.31288171093641,-1.58849699476578,3.558,3.59826026000135,9.96849552544639
Mexico,2006,4.80501352746852,3.62946762439132,-0.316555541136008,22.0731084517312,2.96677953801298,-1.37261974746509,3.566,1.3238319710294,6.69259611037929
Mexico,2007,2.07786393438754,3.96684905458235,-0.844640815298196,23.1063024261954,3.06932316704467,-1.69640173859835,3.628,1.35029773940963,10.1477843745367
Mexico,2008,0.943331863036903,5.12498274575896,-1.40680860965349,21.6625866162173,3.10571376172191,-2.32515941721689,3.874,2.25320067552938,8.8989406727473
Mexico,2009,-6.29525055780502,5.29735584228856,-0.750921220758988,26.9674757913441,4.18740932590072,-1.56520268477285,5.356,1.73076519097887,11.5244357450916
Mexico,2010,4.9713345832195,4.15672722680174,-0.339592498650934,28.5700387934223,4.05364499570365,-1.23846429838662,5.303,0.869831510540792,12.7638038623407
Mexico,2011,3.44404505794418,3.40737824605742,-0.857892612318958,29.0507246273433,4.27630853093349,-1.27645482147645,5.175,-0.718087414556666,9.97857565555475
Mexico,2012,3.55321075993527,4.11150981070289,-1.40984864750596,35.2377254920235,4.48471717639987,-1.17903110718537,4.892,0.132595617614182,10.0839506428319
Mexico,2013,0.852101559410627,3.80639069747204,-2.39396960197863,39.111064663244,4.5658776197185,-1.18007360488274,4.921,2.52394547437684,8.27958230523868
Mexico,2014,2.50376350288664,4.01861608078679,-1.82131927662925,40.8517099366641,4.80529226012456,-1.1724246351456,4.819,-0.782518932664159,12.1926385335167
Mexico,2015,2.70232342550646,2.72064064964023,-2.59917628210589,45.4803129174973,4.46007738307296,-2.08742930161647,4.311,0.207059192646057,12.188904831945
Mexico,2016,1.77249323845399,2.8217078474766,-2.27311198277187,50.2965927131738,4.54794007085504,-2.05894890589345,3.853,-1.24759733279354,12.3347318971308
Mexico,2017,1.87172853327193,6.04145724018986,-1.79746290774801,49.85860000761,4.12120736692421,-1.92394880095052,3.419,0.717765161995541,11.2247047973686
Morocco,1990,3.41181222630115,6.78259401511006,-0.648031086262141,85.3602013442382,3.16842496537,-5.50804640549456,,,21.478455938373
Morocco,1991,7.21608815359085,7.98616600790512,-1.27998993380056,71.9059154337748,4.46306782394565,-5.14175997732214,13.502,,16.8028431560426
Morocco,1992,-2.097738754022,5.7402466286874,-1.2834370400402,69.1942915603677,4.75593008896873,-5.91900694579703,13.781,,9.25856874384751
Morocco,1993,-0.740591700332374,5.18311396030801,-1.6469906370207,72.2417605832931,5.17843015997514,-5.54695362028093,14.026,,7.94364774379381
Morocco,1994,10.5880004161286,5.14167152953361,-2.03049106287262,66.4544213994958,5.7322444893474,-5.43655080746102,13.858,,10.1786335325176
Morocco,1995,-5.40544787197402,6.12358164775523,-3.03845005048265,62.9224746128181,4.10129163849181,-6.36858530736244,14.054,,7.04422584681076
Morocco,1996,12.3728762700496,2.98680922773017,0.0810758584150154,57.5439844112673,4.4598284873974,-3.42359353060533,13.362,,6.57530721224989
Morocco,1997,-1.56070234550782,1.03819895051614,-0.222808698228999,61.5664349161113,4.87674171385065,-3.30191891423538,14.025,,16.1907636583157
Morocco,1998,7.23855267691987,2.75311330764477,-0.309237465352601,51.7813131611264,5.07678283684492,-3.58748818089278,13.359,,6.03773748289777
Morocco,1999,1.6970614772566,0.684782608695643,-0.360657901889275,50.707511206475,6.24510106343533,-3.30953792039043,13.94,,10.2392814906761
Morocco,2000,2.58218091499747,1.89463456763464,-1.10387975127873,49.2500404004641,4.98183092952709,-5.04665005930098,13.58,,8.444172915778
Morocco,2001,7.72182519577728,0.619801875297975,3.67558331729074,43.9098787026744,8.80305336942011,-2.70048029865199,12.46,,18.1143578024195
Morocco,2002,3.73019737485745,2.79561966936936,3.13718804047294,39.0742288357434,9.7629908956924,-2.42136829110524,11.59,,10.3158838988731
Morocco,2003,6.17110214953244,1.16773367477592,2.72583245907781,32.0645072187951,11.1503344908544,-2.97888510046025,11.92,,7.8660246152784
Morocco,2004,4.57138016516208,1.49344403381774,1.46649924876604,26.1403643673371,10.5684588498788,-4.85322746283802,10.83,,8.35398058092525
Morocco,2005,3.19224973015831,0.982641660015951,1.51129572542934,23.8425860115727,9.18820030261673,-5.50202841834408,11.01,,14.0583836299319
Morocco,2006,7.7908200104027,3.28476166954811,1.85973036169922,23.9075059923801,9.94667175054794,-5.41426418455841,9.67,,18.0886095524192
Morocco,2007,3.44106776690418,2.04208512673344,-0.140355839695734,23.9949101161777,9.05935595048184,-8.49409916170871,9.56,,17.5471331446552
Morocco,2008,5.68453936284732,3.71484311494064,-4.44740512293749,20.7266073538964,6.07073077663712,-12.8900248256723,9.57,,13.3114783065378
Morocco,2009,3.74576940136258,0.971862998667636,-4.91456971921293,24.8154251765531,7.57293118246781,-10.9366009376083,8.96,,7.00697400046565
Morocco,2010,3.49955709403216,0.993557401226392,-3.89149487244855,27.462969464641,7.27489844884877,-9.96408224968731,9.09,,4.19540574319343
Morocco,2011,5.52464523319847,0.9069249096918,-7.26703537698177,27.6980798517634,4.9628990319259,-12.9169029612294,8.91,,6.43834587150305
Morocco,2012,3.06234368502997,1.28712240079219,-8.95034696939186,32.3240509195629,4.1203743521604,-14.0279096053799,8.99,,4.51801110083078
Morocco,2013,4.12221286860944,1.88065466724086,-6.77731894447503,34.502888034062,4.54168416711332,-13.3512252532084,9.23,,3.08816298512282
Morocco,2014,2.7192440802029,0.442310053557048,-5.53783287947428,37.1250189916679,4.57755268835334,-11.6275934790814,9.7,,6.19965031043247
Morocco,2015,4.34458297635238,1.5579071134626,-1.95690775142638,41.0525743321797,6.25795105188851,-7.29696814544591,9.46,,5.69050203214417
Morocco,2016,0.52118550608968,1.63531114327064,-3.74613174513,43.4727961452493,6.33785199898355,-9.65347009684267,9.3,,4.73632258860282
Morocco,2017,5.05789816173446,0.754663249323619,-3.10210665362038,44.0032096192297,6.02529305118118,-8.96043589710113,9.22,,5.54582078821969
Nigeria,1990,11.7768859342067,7.36440030557696,9.23137171937244,,5.0259406434502,,,17.4662444414874,32.7010276475701
Nigeria,1991,0.358352601660286,13.0069731037428,2.02019931723546,,4.35412322906829,,3.831,0.990847345407159,37.3802138978897
Nigeria,1992,4.63119294607692,44.588842715023,4.35622764868938,,1.24972831717879,,3.79,-14.987167988653,63.2602537657287
Nigeria,1993,-2.03511877399139,57.1652528349217,-1.37583994197616,,1.54721729106344,,4.023,-7.05247465644158,53.7579683240045
Nigeria,1994,-1.81492448525675,57.0317089119659,-2.64669476661827,,1.58264715889747,,4.064,-15.9202329748902,34.4951421517432
Nigeria,1995,-0.0726647639378371,72.8355022972638,-0.569349975254787,,4.16622458505591,,4.152,-31.452565499326,19.4117147450513
Nigeria,1996,4.19592404660108,29.2682926829271,0.591612746659758,,11.5124950759925,,4.043,-5.26078413692007,16.1781585908082
Nigeria,1997,2.93709941924898,8.52987421383634,0.0837634925250446,,17.3761818449382,,3.964,12.12661188827,16.0390029485685
Nigeria,1998,2.58125410192937,9.99637812386806,-0.553602928004352,,19.209601786639,,3.922,11.4846690572742,22.3177575904719
Nigeria,1999,0.584126892918889,6.61837339479751,0.85510086297063,,4.55577238555616,,3.986,6.04724834411309,33.1210582009053
Nigeria,2000,5.01593475931152,6.93329215565161,10.7371768862311,,7.87841172567211,,3.953,-1.1408886399525,48.0675226932787
Nigeria,2001,5.91768464920371,18.8736462093863,3.36845503733351,,6.82011838685133,,3.9,12.1387024938542,26.3768004240801
Nigeria,2002,15.3291557409559,12.8765792031099,1.13946817426015,,4.86841650909391,,3.669,3.0235422788932,18.8210982703839
Nigeria,2003,7.34719496799492,14.0317836131437,3.23719691054246,,3.53225471979061,,3.637,9.93571338064823,13.5113689675845
Nigeria,2004,9.2505582291798,14.9980338183251,12.4042052774237,,8.7479910037659,,3.59,-2.60484705691994,20.6770255396204
Nigeria,2005,6.43851652538348,17.8634933661605,20.7940448372853,,9.60467541549228,,3.727,-1.59368048219881,22.6036325203928
Nigeria,2006,6.05942803202906,8.22522152017047,15.3142425877273,,12.0982199034067,,3.749,-5.62796804844818,36.3507212028386
Nigeria,2007,6.59113036068679,5.38800796858626,9.93609280353565,,10.2180371505246,,3.794,9.18717123000012,87.7613486371324
Nigeria,2008,6.76447277780228,11.5810751748252,8.58534493307947,6.29589733867469,7.88144773894107,,3.792,6.68490863394994,42.2234295522794
Nigeria,2009,8.03692510099023,12.5378277304689,4.70138235015375,8.11168567712412,7.98411055165794,,3.763,18.1800016718669,14.8643529361757
Nigeria,2010,8.00565591628701,13.7400521363694,3.57264829109624,8.39261604734311,4.37788525667586,,3.744,1.06773606467312,6.72486734324051
Nigeria,2011,5.30792420289453,10.8261371880017,2.57400123356654,8.71768198369707,3.53184194734956,,3.77,5.68557985915527,21.685616238181
Nigeria,2012,4.23006117493223,12.2242413020584,3.7446896447893,8.89341234144098,5.19347277530649,,3.761,6.22480861375514,27.0844679750277
Nigeria,2013,6.67133539306167,8.49551838265669,3.66244030371784,8.61753445373024,5.08562033779415,,3.711,11.2016222248975,14.3020860661396
Nigeria,2014,6.30971865525431,8.04741087967907,0.157882534299197,8.40912650109517,3.92421294227136,,3.9,11.3562130249595,-0.794167076060823
Nigeria,2015,2.65269329543001,9.00943498007706,-3.13140101186134,9.37394526748953,4.06769256756332,,4.134,13.5961532451283,4.09015662855131
Nigeria,2016,-1.61686894906509,15.6968126387972,1.25472098152786,10.978230289557,6.16907128225614,,4.499,6.68623362327285,31.9221686077306
Nigeria,2017,0.805886619102438,16.5022662139641,3.60982550121523,17.7307590012602,7.99776517285898,,4.83,5.79056686533675,1.38782910951685
Pakistan,1990,4.45858681510218,9.05213155279776,-4.15244201309876,52.9314616498754,1.10286735080632,-5.45713908519609,,,11.6436708059216
Pakistan,1991,5.06156775897861,11.7912703351416,-2.77569478723708,52.5531870657114,1.19402913630524,-1.55486968449931,0.596,,18.9443128821554
Pakistan,1992,7.70589781716029,9.5090414619015,-3.83779241680643,52.3371527362613,1.3169743394782,-3.15308510506569,0.587,,29.3005626007176
Pakistan,1993,1.7577476978468,9.97366476029209,-5.59847609574865,48.7852418739153,1.75704550801138,-6.09512763960827,0.596,,18.1334470492259
Pakistan,1994,3.73741555767747,12.3681943936948,-3.46530848690822,54.0252940052037,3.25134981439943,-2.74096257255592,0.601,,17.3706019788836
Pakistan,1995,4.96260914623281,12.3435785170513,-5.52270880088959,51.3706485098005,1.85955022228972,-2.71281436201513,0.611,,13.8097957858075
Pakistan,1996,4.84658128681654,10.3738085885002,-7.00574971079086,48.6395293266652,0.880431971513536,-4.52392328361884,0.6,,20.0685610542707
Pakistan,1997,1.01439601077892,11.3754928865122,-2.74152798261064,49.9402691271551,1.36509761343142,-4.68835965065445,0.611,,19.9117967945664
Pakistan,1998,2.55023429817393,6.22800415424543,-3.61461538001894,53.9697343873156,1.36812639185578,-1.04214282940004,0.62,,7.85937933833109
Pakistan,1999,3.66013273943236,4.14263718082171,-1.46092369568391,55.884946044763,1.87885426335533,-1.61296415472613,0.625,,4.31422526833217
Pakistan,2000,4.2600880111325,4.36666451291681,-0.0854401858342493,33.9620062505144,1.74390829203355,-2.20071245725357,0.614,,12.1251582207596
Pakistan,2001,3.65135017083765,3.14826144590618,1.93318034244488,34.0673947984518,3.57949112885884,-2.32486268372141,0.611,,14.4302473934702
Pakistan,2002,2.59481668445784,3.29034472613153,3.93573326208505,35.8788695669919,7.04603670076939,-0.603082163719223,0.615,,17.6164482140701
Pakistan,2003,5.40131087314342,2.91413470059479,3.17962013910419,33.5755290063407,8.04969107732453,-0.320870703763285,0.612,,17.8579443187328
Pakistan,2004,7.83125556961251,7.44462469342739,-0.617928012719509,28.3672551340564,5.23027871845457,-1.96239415153248,0.598,0.0057407354215582,18.8953995216099
Pakistan,2005,7.2765744364722,9.06332737030417,-2.48346235681318,24.1708210827745,4.10846536969125,-5.37481055065712,0.583,3.33053751114992,16.3728736632634
Pakistan,2006,6.05163767569996,7.92108440058789,-4.16812395772995,23.6546444840212,3.95263736700649,-7.95182611413398,0.582,4.70752170437756,42.9088740241616
Pakistan,2007,4.4448143398844,7.59868441050774,-4.50796175781862,23.5562652643419,4.44077791912762,-7.53772831274181,0.398,1.30244855391589,17.4383547032998
Pakistan,2008,2.1204410433083,20.2861210929554,-7.74194351471585,25.2733638555471,2.02131984108012,-10.5973302522841,0.423,1.81694696282903,6.52470214178465
Pakistan,2009,3.47255059567348,13.6477650639761,-2.13167355660601,31.1190703612064,4.14689927959042,-8.54491087553805,0.535,1.92469935448866,17.6100569348726
Pakistan,2010,1.50171752152883,12.9388705634889,-0.688324235118166,32.7811905556848,4.71850424926723,-6.71455292764203,0.653,3.12315587247781,14.5658158158495
Pakistan,2011,2.68011685421705,11.9160927116277,-0.957124213324854,28.567490409755,4.15696352930241,-5.39752855170038,0.796,-1.7109984014482,12.6026218346081
Pakistan,2012,3.02758391088629,9.68235186055684,-0.936399348037174,25.8754627988566,3.10654658664889,-7.57104498136008,3.667,3.27593378279305,17.3950199206229
Pakistan,2013,4.36686504978387,7.69215611899565,-1.70727876868057,23.6165694934777,1.71197854264599,-6.53527593204511,2.954,4.2862667098525,13.315647619693
Pakistan,2014,4.11642817161422,7.18938402847028,-1.34787339235798,24.0363183529915,3.06826560863817,-7.07988220517059,1.827,4.2162526354002,11.5437148414194
Pakistan,2015,4.21794209572506,2.52932817254229,-0.934446742353906,23.250373675072,4.42784130835912,-6.73904411474396,3.566,5.47083938915616,12.1809800448258
Pakistan,2016,6.57383828511043,3.7651191635658,-2.29279660651385,24.3711794392753,4.59066972648983,-7.22814526572596,2.285,7.76126513302726,13.6160489814194
Pakistan,2017,4.43262590683975,4.08537368032608,-4.76985760466006,27.8523788602803,3.14740277594098,-9.02881231443279,3.204,4.01832568832305,9.9313214967248
Peru,1990,-4.98256353646605,7481.66361124526,-5.37288606183094,81.8468435049874,3.78951060631368,1.92470602420496,,-31.4596767054871,6384.91591214941
Peru,1991,2.2192591027909,409.530166622023,-4.3795451250649,62.161319904505,5.80092275926795,-2.25448078107177,4.926,61.1859416487963,230.59502238985
Peru,1992,-0.540509124723926,73.5282942442641,-5.24379733033856,58.5177627414954,5.98218779766876,-2.95028061784676,5.068,46.6039379812489,88.1788916992412
Peru,1993,5.24357700773291,48.5799864468885,-7.07477935578993,70.2752260339722,6.49342825191949,-3.86523636241284,4.795,32.6903399531435,71.7970649690245
Peru,1994,12.3083661848445,23.7369050565046,-6.01858298886919,61.6361055639642,9.75230367994458,-3.38003022956208,4.491,22.6218775205124,37.2170103202771
Peru,1995,7.41139504735119,11.1287029707089,-8.67435304434383,60.5129879783243,8.40551254099253,-5.72744734456982,4.708,19.8771271969869,29.2640068835753
Peru,1996,2.79897307912609,11.5379424115177,-6.59496815056511,54.1476991229528,10.7348879977428,-5.02116425526894,4.929,19.9161647249909,37.2447670222151
Peru,1997,6.47682442079709,8.56218948953653,-5.7922394566417,52.5119573585364,10.3063679191364,-4.51502533811045,4.762,22.0244648803872,30.7820639804126
Peru,1998,-0.391537555833821,7.24782175213469,-6.01059688640088,56.044866866491,9.62509806985464,-5.54721808765822,5.099,25.866275291243,17.3271286102373
Peru,1999,1.49491064308833,3.46965996293019,-2.74952502384786,59.5346640984021,10.4082838704775,-2.4120005416257,5.011,31.2063565505912,14.4902175465321
Peru,2000,2.69437139806912,3.75733833344474,-2.98741137277728,57.0026235419152,9.06191564384196,-2.001284720684,4.959,25.5698477470948,-0.399441851801342
Peru,2001,0.617892325624297,1.97709878502053,-2.31175794610238,54.165461935894,9.73495551425896,-1.86164238715368,5.068,24.411950042159,0.563891323477896
Peru,2002,5.45352893818767,0.193135003853722,-2.02693936398419,53.0849788812544,10.229262297093,-0.699565625794666,4.84,20.6338458601459,4.32965353437533
Peru,2003,4.16502313666112,2.25937753363072,-1.61504289543387,53.1443427021015,9.38296559343826,0.404723569397613,4.15,18.8715495126426,-2.13689889028637
Peru,2004,4.95820320611745,3.66247320092233,0.0288861085400799,50.0708520347505,9.30448932988447,3.88838923377279,4.71,17.308705204716,3.25992194167152
Peru,2005,6.28506032509601,1.61630193862544,1.5088102611942,41.3727350377722,8.24288413578904,6.34020474657925,4.87,21.284368194887,17.0952678011346
Peru,2006,7.5288990440594,2.00225801248819,3.24050716695869,35.9534061055932,7.90185759087092,9.2882168731978,4.17,15.1194989096292,8.04516103950723
Peru,2007,8.5183877690955,1.77998644680372,1.42931463476859,34.1961375238097,9.93602025327817,7.35611977741145,4.08,21.0511674102817,29.403839604814
Peru,2008,9.1265683014642,5.78587598206755,-4.41112077807089,30.9320299079422,8.4427479199006,1.0214930298623,4.03,22.323874594588,22.7640711546424
Peru,2009,1.0958236592427,2.936231535967,-0.598288729210878,32.9985559972393,11.2592762683117,4.77217586270377,3.96,18.5944908019559,4.57047933320316
Peru,2010,8.33245910749577,1.52832059732901,-2.41611244249563,30.8386747274741,11.3343565365921,3.97951936734616,3.6,12.5494733748355,21.0546552757542
Peru,2011,6.32719240161117,3.36931095333853,-1.96422212136988,28.2946982865762,10.1893973684482,5.01723922891709,3.477,11.1780878633624,11.7360187654868
Peru,2012,6.13972470560435,3.61121294940163,-2.87262299972341,34.14014373807,12.2049408234151,2.27933347896507,3.238,17.8200224863401,15.0150228720275
Peru,2013,5.85251821084928,2.76789666082002,-4.85170158694027,33.3041875254961,12.3759519821388,-0.170543605442677,3.575,16.903308069059,16.4789848315359
Peru,2014,2.38215737180541,3.41194579807465,-4.36595061444558,35.4246138507104,12.4106625709302,-1.63918033965978,3.208,12.994785090205,6.26515057848418
Peru,2015,3.25224477218451,3.39809194746308,-4.70878071644278,37.0040696483009,13.5146151849289,-2.58811811732317,3.272,13.0638220152775,13.3870674203525
Peru,2016,3.95331871520767,3.55717663556279,-2.29429403266562,38.1972280258854,13.7928059022351,-0.188213714433938,3.741,12.9852567811511,2.75613711158984
Peru,2017,2.51883544233135,2.99490045809443,-0.953080061958555,33.9083827987592,12.6238201396483,1.92619358739747,3.691,12.7122035671679,9.33091398902329
Philippines,1990,3.08267252855887,12.1773522064946,-5.33575810861436,61.4493906243295,1.48657160302564,-4.13593000048276,,9.88098210027373,22.3981120550909
Philippines,1991,-0.436390080533428,19.2614585266282,-1.99675016579611,63.0007122391573,3.26108818628497,-2.28964142479031,3.727,5.73775233027661,17.7164974414271
Philippines,1992,0.417629066097945,8.65100357865265,-1.65501732404596,54.4500067646635,3.34578551557756,-3.43181364718429,3.849,10.7499250686686,13.109483215386
Philippines,1993,2.181889985613,6.71631104109973,-4.86165174206389,57.4048242064896,3.15259517138627,-5.85878218309097,3.869,7.37117861387287,28.1457715382721
Philippines,1994,4.37366591819077,10.3864734299517,-4.03229461116698,53.6591815600724,3.07161422055261,-4.37517208828552,3.767,4.5398803903546,26.7347778496205
Philippines,1995,4.62522511739661,6.83199610989534,-2.33919983744538,45.2674540124483,2.61380932662356,-5.43847465094826,3.68,6.54005215382213,23.8741403905504
Philippines,1996,5.8603478716379,7.4761037778791,-4.17652404044575,44.9231480432396,3.20490190325441,-6.08186080454565,3.607,6.64022027676353,23.7315080636429
Philippines,1997,5.18641167406165,5.59025939650601,-4.62349405712408,51.3207229650644,1.96171452161296,-7.05635444544309,3.592,9.42589084402762,23.1076554163027
Philippines,1998,-0.514090599541888,9.23493432267121,2.07537904684556,63.1272199943038,3.07431591479304,-4.46346472077811,3.697,5.77121291360418,8.56631126777686
Philippines,1999,3.34645118398267,5.93904901780808,-3.35706942771647,60.2148759291196,5.17227122020567,-0.339176241132074,3.751,5.11743894892767,16.8821846993211
Philippines,2000,4.38250500083399,3.9771250324928,-2.66284885287764,63.8299045574974,4.67799840099901,1.53506998803984,3.77,4.8104932596846,8.12076492690662
Philippines,2001,3.04923134463486,5.34550195567142,-2.21740069327136,67.5173431225323,5.14417831781934,-2.58938560884377,3.698,6.42188422219399,9.98569242748058
Philippines,2002,3.71625500158383,2.72277227722765,-0.334490425515421,65.0270153606938,5.11204168568063,-3.83344420572109,3.616,4.70819992469216,9.96845059499668
Philippines,2003,5.08691113513073,2.28915662650607,0.327439073939328,65.8782675934404,5.04449703973501,-2.96460762112119,3.527,6.08528504670798,4.28727600967241
Philippines,2004,6.56922851180626,4.82921083627795,1.71049031113279,58.8498252315545,4.4455495264385,-3.47160284160495,3.554,3.95524739260692,10.7233201286362
Philippines,2005,4.94250511877678,6.51685393258433,1.8529075905422,49.7600218675303,4.60349149593323,-1.38559613901424,3.795,4.03548972128812,6.84220070988929
Philippines,2006,5.31641682136939,5.4852320675105,5.4545225788942,41.3110356432286,5.08825460250244,1.64038006813934,4.052,4.4401194500866,23.453614135034
Philippines,2007,6.51929155018938,2.90000000000003,5.17497335468166,34.804532967813,6.74013026531761,2.38339268355226,3.434,5.35759701816081,9.60570645544364
Philippines,2008,4.34448730509183,8.26044703595725,0.0792959465366613,29.3273873367195,6.39953482387135,-0.967404285561713,3.72,1.46657832194707,10.0409030903463
Philippines,2009,1.44832306275669,4.21903052064628,4.80078349700448,28.5128651981622,9.18511809848311,-0.447539587797524,3.858,5.67257824063165,8.63839150729624
Philippines,2010,7.33449996034538,3.78983634797591,3.44540917722718,28.1961962919996,10.437269739216,-0.354619074644078,3.605,3.16350898272397,10.8970827706007
Philippines,2011,3.85823282795663,4.7184170471842,2.4091906991357,25.344502088236,11.5996405959486,-2.58497894362649,3.592,2.64095050382798,5.30674976285661
Philippines,2012,6.89695171050985,3.02696391124796,2.65327822085759,23.4044291733867,11.4738762540142,-2.9078577978615,3.504,3.61326895733707,6.977796231859
Philippines,2013,6.75053130142255,2.58268766141795,4.00964958369033,24.1818488040641,11.620931882498,-3.46994161402843,3.497,3.63093412149458,29.329502551069
Philippines,2014,6.34798748260867,3.59782343864211,3.61563913358328,23.7207481738751,9.94050359217836,-2.75916370573755,3.6,2.39960024337773,12.437500484563
Philippines,2015,6.34830971672761,0.674192536845408,2.37094985955594,23.3400182272902,9.89835817167378,-4.72547762721914,3.068,6.34358648995616,9.19582460552392
Philippines,2016,7.14945675000752,1.25369880080982,-0.376262661565375,21.2638927411851,8.84656165019294,-8.43005907835563,2.695,4.30655097833464,13.3262730338008
Philippines,2017,6.9309883258402,2.85318772590947,-0.652387929422696,20.1794848256215,7.78302270131788,-9.06378803333433,2.552,3.2319992694047,11.4231249478661
Poland,1990,,567.878800666191,4.64853694341554,,2.93891806818557,,,,164.871294962762
Poland,1991,-7.01557879301123,76.7694992087347,-2.50991404542249,,2.11428094680746,,13.621,,37.8998143194013
Poland,1992,2.51497861350261,46.0985621037431,-3.29032970311139,,2.22090790522089,,13.645,,55.6730590897289
Poland,1993,3.73831029461471,36.9641666120718,-6.02645744303895,,2.06024537248891,,14.393,,35.9925085601138
Poland,1994,5.292802066626,32.9912766093523,0.57218339303966,,2.904196583504,,14.825,,38.0774163705557
Poland,1995,7.92965956313934,27.951388563304,0.59787790958511,,4.86288677131572,2.15225430956086,13.695,,35.619223096953
Poland,1996,6.09387747385628,19.7949669196707,-2.02968632371393,,4.93786631096595,-1.40854491106355,12.684,,31.2165282432749
Poland,1997,6.35890635030509,14.91315861496,-3.59238073994115,,5.07309948158291,-3.86601034826706,10.964,,29.0565165270319
Poland,1998,4.62161133761769,11.5978554257236,-3.93707818430142,,6.13247911899959,-4.82537066463551,9.935,,25.1769370060184
Poland,1999,4.69918479192557,7.15407291179853,-7.31498200628172,,5.96370261297084,-5.90443338260463,12.29,,19.5886267463975
Poland,2000,4.65633252988236,9.90017538843065,-5.98021918224644,,5.41144158988249,-6.46428148560071,14.928,,11.5569243117687
Poland,2001,1.23374464400356,5.4083354556615,-3.09972932809545,,5.11591060513566,-3.76401525521931,18.435,,14.6129553731936
Poland,2002,1.90119437968586,1.90528215048054,-2.77624121851834,,5.32726712631836,-3.55000245471059,20.211,,-1.99707456599409
Poland,2003,3.52337117234833,0.682701375787632,-2.50410381576022,,4.88571321166886,-2.73611442810067,19.899,,5.36949000194597
Poland,2004,5.09079546409544,3.38264681884699,-5.96912639653316,,4.04941784092039,-2.85723734956083,18.822,,3.78793913645125
Poland,2005,3.26082274679216,2.18379872390251,-3.30488692842897,,4.1206341219697,-1.26055453929505,17.592,,15.0432299943437
Poland,2006,6.20210710934373,1.28469394366416,-4.64906335604984,,3.68238140186844,-2.3847210900198,13.794,,15.9643286094573
Poland,2007,6.7604478527626,2.4587431238539,-6.68396289819493,,3.75973311545427,-3.80316622247631,9.551,,13.3888408828446
Poland,2008,4.38377069274605,4.16497193524779,-6.74648774312839,,2.8989688550735,-5.23713615500082,7.069,,18.6256285343931
Poland,2009,2.61512859291683,3.79539242483399,-3.94518857698649,,4.96007648868968,-0.960495593336648,8.131,,8.10530897738018
Poland,2010,3.16892748258036,2.58069370250548,-5.16657584018312,,4.8772928245856,-2.44143862934832,9.578,,8.8052427696708
Poland,2011,5.25546256612796,4.23940149625932,-5.11055687403888,,4.38728143721107,-2.28730733694175,9.576,,12.4864735187227
Poland,2012,1.51178167644575,3.56037151702793,-4.11182485634079,,5.13891640789494,-0.784100029465394,10.031,,4.5279739715802
Poland,2013,0.684240607051805,0.991982606332335,-1.98155143805472,,4.83774182838336,1.1170690842659,10.293,,6.23944554661758
Poland,2014,3.92050862390032,0.0538213132399802,-2.97288032663133,,4.25066485654916,0.407324353797981,8.971,,8.18416124988891
Poland,2015,4.43176700264478,-0.874125874125862,-1.3254755565429,,4.62368278059075,2.06784617731122,7.475,,9.06207448787462
Poland,2016,3.03117767594847,-0.664767331433962,-1.06875807090352,,5.39230452387895,2.94695491864777,6.141,,9.5661682772187
Poland,2017,5.15245773325907,2.07593553673859,-1.18631982461877,,4.60236894876816,2.81915991097917,4.867,,4.65390466030542
Romania,1990,,,-8.50766056649959,,1.66300007573874,-9.4533162373237,,,30.091571564055
Romania,1991,-12.9182107298211,230.622494900178,-3.50772176596034,,3.7632664702366,-3.93393529651981,8.23,,104.024228731035
Romania,1992,-8.7672284522824,211.205587610082,-5.99482518410403,,4.19608355728254,-8.40741723611756,8.26,,94.6955410689567
Romania,1993,1.52883449664077,255.166861826698,-4.45352169616387,,3.22820184384345,-4.97110172790705,8.251,-43.0507103466055,172.166739794017
Romania,1994,3.93194272962506,136.759392815441,-1.42321276155065,,4.62582328606926,-2.06436399637484,8.17,-20.3459037669125,125.446872228094
Romania,1995,6.23351148371351,32.2424847257597,-4.73949323312222,,2.70853845771342,-5.03114077733687,8.01,4.71272825916806,69.6181851202503
Romania,1996,3.90770208816159,38.8293013382852,-6.96048631418109,,2.92809108361581,-7.86638214916094,6.74,7.72977283272316,69.545192861255
Romania,1997,-4.8490627379703,154.763480436309,-5.91423004615668,,4.37569008318408,-6.81095368253458,5.515,-26.6906716511495,113.429675280403
Romania,1998,-2.02981290571721,59.0965827541167,-6.99585947248816,,3.38508050560247,-7.80783458577539,5.63,4.84839516944536,53.7488459259463
Romania,1999,-0.376660705758994,45.8037811326363,-3.60747182475184,,2.54117286158034,-4.65004063388866,6.239,10.7804562206084,50.399082875287
Romania,2000,2.4612634592269,45.6665940440238,-3.63721875382544,,2.82091179673092,-5.34355675743851,6.969,7.45156589527913,40.8097757749873
Romania,2001,5.21813625673708,34.4770123493527,-5.51799372952363,,3.44900587721624,-7.71666408271816,6.561,5.39568237207382,18.0222525396628
Romania,2002,5.70299165043771,22.5398862605386,-3.31050332793727,,4.5591155532749,-5.68418909644943,8.112,10.357989375454,46.597095917485
Romania,2003,2.34114732919521,15.2734889936255,-5.72774106022585,,4.45255980649894,-7.7540569494408,6.95,1.85276834167124,21.0723332251961
Romania,2004,10.4281130180976,11.8743635936399,-8.5123232185601,,5.25824200208427,-9.13860613686882,7.719,8.79629617167316,48.4211786467663
Romania,2005,4.6681480508487,9.01491283343835,-8.67463205439941,,6.72454891911536,-10.2901082367509,7.174,6.77979401796877,20.0428905695894
Romania,2006,8.02881107599163,6.55851412276983,-10.6661036918405,,7.04770386171134,-12.141172928435,7.27,3.05143448896311,14.1267416359139
Romania,2007,7.23380774362805,4.83732928313989,-13.7032326042104,,6.25545455411279,-14.0834985744358,6.413,-2.13087077084906,33.8338795224371
Romania,2008,9.30746717077338,7.85080255714482,-11.658522565437,,5.12448499595582,-12.8642016748192,5.787,-0.884850923821751,17.4937177869345
Romania,2009,-5.51670615843011,5.58742004264393,-4.72925693261463,,8.68379813976052,-6.42530432103091,6.859,12.6652151658549,9.03332207552948
Romania,2010,-3.90581157302972,6.09141668601891,-4.98543687917278,,8.44153926649717,-6.67174887477507,6.959,7.68453304401845,6.81737053267701
Romania,2011,4.49558909946313,5.7892532881588,-4.81588301986922,,6.88281803725361,-5.79813873491873,7.177,7.83299754096995,6.46701411725749
Romania,2012,1.90361696799603,3.33492267693442,-4.57804292376289,,7.14725228751367,-5.1775980188492,6.794,7.24295337975638,2.84245222608059
Romania,2013,0.278771877470234,3.9847123554813,-1.13746709997941,,6.84867551311641,-0.906885949774711,7.096,9.00236757143017,8.80537482390374
Romania,2014,4.11600109267832,1.06830987684298,-0.341464408053705,,5.79071838380504,-0.42171907819496,6.802,6.63787782811327,8.33017368215694
Romania,2015,3.1570360543854,-0.594156437495203,-0.637491637323498,,5.68125546429893,-0.822189532054375,6.812,3.39222469611366,9.39346661416349
Romania,2016,2.85993252302089,-1.54479666813897,-2.10324885883263,,5.40819301760844,-1.05985794194108,5.901,3.01037862400641,9.74068452525915
Romania,2017,8.19547826641261,1.3390212110439,-3.19415712159883,,5.16027223807168,-2.48751615449415,4.927,0.872621780869851,11.4076738933702
Russian Federation,1990,-2.99999564243126,,,,,0.217323812480596,,,
Russian Federation,1991,-5.04693945142463,,,,,0.286020736503396,5.11,,
Russian Federation,1992,-14.5310737729264,,,17.4798552537527,,14.0678590215676,5.181,,
Russian Federation,1993,-8.66854034260423,874.245720380188,,26.1163148011452,,7.710745729112,5.883,,
Russian Federation,1994,-12.5697559802151,307.722635553193,2.26332668866148,31.1174870010575,1.25548712747193,4.56304543593942,8.131,,
Russian Federation,1995,-4.1435284052602,197.414268084251,1.88045783512905,31.1283376666771,2.43727667621875,3.39511723339807,9.449,,
Russian Federation,1996,-3.7550694383594,47.7520122009939,2.57898342400441,32.8834236780997,2.03040779201634,4.22347544116268,9.665,,
Russian Federation,1997,1.3999158052963,14.761329268806,-0.206268282708236,32.3401786460413,2.01666897017265,2.20276164838289,11.813,14.7604587981811,
Russian Federation,1998,-5.2999616266239,27.6856798076742,0.026225709921156,67.8018769206859,1.60322334850871,6.6701576613834,13.261,19.6160805566126,
Russian Federation,1999,6.39991469144101,85.7464940960636,11.6664565462153,95.6702724203279,2.3710125926917,17.0466555268369,13.036,-18.9515529417949,
Russian Federation,2000,10.0000668136515,20.7987606558704,17.4742424828314,57.9764384368627,4.74378977156661,20.0269755736737,10.581,-9.63311144269675,
Russian Federation,2001,5.10005122572568,21.4770072117159,10.4545347443772,46.6826951160993,5.23906491878679,12.6761285276468,8.978,1.2265785072243,
Russian Federation,2002,4.69999190914258,15.7887307914463,7.9523289090993,40.8533394581356,6.12766903546728,10.7797423941646,7.875,0.0329353853463892,33.7560699107806
Russian Federation,2003,7.29995234528189,13.6632930228666,7.69799200510312,44.5626607613604,7.52555207914772,11.3716945439598,8.21,-0.60017068040332,38.5350352991115
Russian Federation,2004,7.19994786954857,10.8886157326216,9.90832254287658,37.044289752436,9.88536746944771,12.253929712514,7.763,-7.32898586198479,33.735150491509
Russian Federation,2005,6.39996544799469,12.6853039507349,11.0454169715192,33.5124776049074,10.91900160117,13.692883439694,7.124,-7.20668991062191,36.1353041567373
Russian Federation,2006,8.20006825456321,9.66865454789265,9.32544491399994,32.3865885396895,13.6000555108579,12.7275490206864,7.055,-4.07869184018714,40.3887209914881
Russian Federation,2007,8.49997776916511,9.00729868861079,5.55457619335894,32.7591854997396,16.0465979647848,8.62199822361337,6.002,-3.34492661176016,41.0978788956037
Russian Federation,2008,5.19996926404957,14.1107677840442,6.25797161157479,25.9737563112073,10.7798072680751,9.23665462624692,6.205,-4.90496208972303,14.129346966484
Russian Federation,2009,-7.79999391271275,11.6473295764118,4.12086933736946,34.3613166173345,16.4516778273398,7.44114138048607,8.301,13.079965285875,17.3164659422601
Russian Federation,2010,4.49999999920672,6.84939230255025,4.4233366535099,28.2773715301649,14.1597902374813,8.07561608269267,7.407,-2.9550837319085,24.5103624911795
Russian Federation,2011,4.30002918567749,8.4404648593257,4.75452652542426,27.4162213475377,11.632229448834,8.07532355191802,6.571,-12.8569352915768,19.5846469667138
Russian Federation,2012,4.02408615746921,5.07474300799149,3.22793090052757,27.6477290740837,11.5222288258363,6.66325029293692,5.484,0.176416618842598,13.0583902913371
Russian Federation,2013,1.75542214874298,6.75466833903486,1.45817388483059,30.2102878450986,10.3415183701028,5.40352425201101,5.513,3.93707019254128,16.0313236476773
Russian Federation,2014,0.736267221765672,7.82016970013845,2.79290979175164,27.8421875364677,8.51896923617438,6.42085284069341,5.212,3.39714683575477,14.8276498781065
Russian Federation,2015,-1.97271922580408,15.5343959935701,4.97088857375125,37.125952762227,12.3779655076395,8.04742957415926,5.615,7.8945935747911,19.7170330182523
Russian Federation,2016,0.193690071260534,7.04243725413707,1.91643731021353,43.1184713428485,13.2258115719456,5.19084611422384,5.591,9.48435447263494,-0.924467735122182
Russian Federation,2017,1.82579006401834,3.68333072334495,2.04412673615753,33.8872742360339,12.4862324143568,5.3052376223825,5.238,4.94560423099718,7.41111146041277
South Africa,1990,-0.317760426540374,14.3209918914915,1.23093530701266,,1.19465480077855,4.86528254330368,,4.81141525707442,11.8541812895805
South Africa,1991,-1.0182449675445,15.3347785733672,1.03482370495216,,1.52429876674072,3.80002142818878,23.137,4.02749326213876,17.1112327445867
South Africa,1992,-2.13703284500521,13.874703748615,1.34745427194466,,1.45376401915937,3.58893970953496,23.463,3.65413735758885,2.86121074391479
South Africa,1993,1.23355793864741,9.71742729803028,1.90438081566821,,1.30157267285546,4.13060891586304,23.361,2.46468782587437,6.30978492333901
South Africa,1994,3.20000000297172,8.938563723594,0.0192951572527621,14.3430112992824,1.30339237556196,1.98406644359411,23.067,5.25546972667239,18.316029210941
South Africa,1995,3.10000000054411,8.68042421392631,-1.45179160612888,15.0170695489257,1.43270061747907,0.597687436248138,22.705,6.36739524038957,16.0313711547903
South Africa,1996,4.29999999726792,7.35411972085333,-1.0280828308777,16.2687611496114,0.749182306824822,1.35023470541686,22.5,10.6448093668748,14.2789399770195
South Africa,1997,2.60000000146347,8.59777611252274,-1.31813387872595,18.4812481915831,1.81151705227386,1.01984928122529,22.549,10.9698989159021,17.813208209646
South Africa,1998,0.50000000034143,6.88054521037351,-1.43749682421619,17.3639916238851,1.76142933259019,1.0027982981868,22.739,12.6910336213851,13.6529503084555
South Africa,1999,2.39999999746338,5.18148905111697,-0.445657419944882,17.3421004881215,2.54961732709242,2.28013593205309,22.884,10.3950669798212,10.9072517477965
South Africa,2000,4.20000000067826,5.33895913599828,-0.125570459653346,17.9488438094943,2.38388518393692,2.58788488597607,22.788,4.87058238653657,7.2150569801568
South Africa,2001,2.70000000019104,5.70189483049608,0.253001084795547,19.5001299531834,2.45317346788814,3.54237608330853,22.652,5.53834143339364,20.1898763195526
South Africa,2002,3.70037440406668,9.494713780996,0.781937464700473,27.7913348185499,2.50168882524226,3.39683280592358,22.579,2.85418551575979,18.2861907179626
South Africa,2003,2.94907546754213,5.67942414068799,-0.782449992267882,20.8478699394955,1.92764823872227,2.10668415382791,22.679,8.04784838936572,13.3506016752208
South Africa,2004,4.55455990721774,-0.692039437857687,-2.50726120703613,17.5007436072345,2.68935775221081,-0.128537652673302,22.567,4.95038435886218,13.1529978250787
South Africa,2005,5.27705197295467,2.06285308223427,-2.7747758989594,15.8826881733744,3.16114379578521,-0.228252413945679,22.472,4.76148920296545,20.6974499044266
South Africa,2006,5.60380645895889,3.2439076541923,-4.00012427594728,19.3982301233549,3.23727857447778,-1.57164151069059,22.304,4.81030227960517,22.6230098902238
South Africa,2007,5.36047405394162,6.17781214809388,-4.86189160706926,22.5208680963182,3.46397510382696,-1.20721034834303,22.26,4.54604566856022,23.9311377038079
South Africa,2008,3.1910438863288,9.90998456005467,-5.18618108467679,24.1807678702619,3.32808353072731,-1.46517645748784,22.407,6.74515150291692,14.7382134965665
South Africa,2009,-1.53808913525583,7.23809523809527,-2.38458187361532,26.1150557499132,5.12662348081342,0.377957648767233,23.523,2.80250897674709,1.76108595452723
South Africa,2010,3.03973288127956,4.06749555950263,-1.29901805615596,28.1821106821805,4.54059848802417,1.16074809084438,24.683,3.49095978979672,6.93402988299978
South Africa,2011,3.16855627858818,5.0008533879502,-2.01967628513274,27.7434703939165,4.19180307031227,0.759946504853332,24.639,3.27930122317635,8.34128453392681
South Africa,2012,2.39623238465745,5.73797139141739,-4.68373643403846,34.9384853404741,4.33171873217317,-1.3043188057987,24.727,3.88287299810937,5.17173025655565
South Africa,2013,2.48546800826588,5.78016910069176,-5.33837274756909,36.2098641892608,4.30463726127469,-2.11646698932911,24.561,2.50924549715633,5.91659072840692
South Africa,2014,1.41382645223793,6.13282953059149,-4.81243259488481,40.169798601073,4.42516066122755,-1.498335448365,24.89,3.56702763012509,7.27948797272016
South Africa,2015,1.32186223678229,4.51869094892506,-4.31028688643788,37.711086621978,4.72421413251301,-1.29939931974983,25.149,3.66774283297156,10.3236455754922
South Africa,2016,0.664552307858116,6.60290842394872,-2.63361451678797,45.6902115131597,5.43700662124582,0.45091883491279,26.536,3.27825167845196,6.0794489265993
South Africa,2017,1.15794695181735,5.18618655524149,-2.37436753188649,47.1927189929926,5.22545718092341,1.1442197330691,27.035,4.64731548547952,6.42553637795089
Thailand,1990,11.1671634446293,5.86399474375828,-8.53154931493564,33.4911545091473,4.41170447433326,-7.51850787477837,,8.17171642898053,25.5190553318751
Thailand,1991,8.5582603212423,5.70985259891396,-7.7075114905911,39.0526544364681,4.84116575518534,-6.54251594338113,2.63,9.12494255783144,19.3955051933368
Thailand,1992,8.08338802345332,4.13914575077056,-5.65567692212436,38.2865768540671,5.09736145751023,-4.00969435656943,1.35,7.34632900127856,15.5136756624884
Thailand,1993,8.25191591524627,3.31219168428468,-4.93050710851373,41.600255316538,5.38309606241756,-4.11153799718455,1.49,4.39100680690757,18.9909564645932
Thailand,1994,7.99702466720433,5.04774897680755,-5.49408768770675,45.5312422756576,5.35205576697511,-4.76472517612745,1.347,5.94526176247366,10.6860962987035
Thailand,1995,8.12031534625378,5.81818181818192,-8.02329369982956,60.2943811061105,5.02791401691384,-6.69148480633837,1.1,7.10208727359962,17.7427316710277
Thailand,1996,5.65194446499471,5.80510554737349,-8.02658256605422,63.2641207569706,5.10521376349522,-6.2373076037532,1.071,8.93166038026805,10.620175603965
Thailand,1997,-2.75357515314082,5.62579747129104,-2.01164910932919,75.309915737444,4.05176432338582,1.42232676830187,0.873,8.83409476385564,19.5505422821044
Thailand,1998,-7.63403528600102,7.9947287502746,12.5290469721114,96.0465858961431,6.39744899631092,15.6341319559728,3.404,5.87889882998788,10.0696133843312
Thailand,1999,4.57230775115542,0.284726459223034,9.81128061226542,78.9205480299672,6.68570746657057,12.1707970185138,2.968,11.8617924582346,3.79912281611537
Thailand,2000,4.45524704335014,1.59196917460972,7.36845240260665,64.4309783460684,5.07297233118356,8.38254612589796,2.389,6.41687160709718,4.90795143092956
Thailand,2001,3.44424900968372,1.62690887314091,4.24027233043999,57.5518586664479,5.2498144282551,6.23341323977301,2.6,5.25258115113859,16.3771980273823
Thailand,2002,6.14903605210036,0.697308976625449,3.46550516817668,48.5586931205588,5.77678521095063,6.32176218087354,1.82,,1.30589499894612
Thailand,2003,7.18924330340971,1.80434994635721,3.13356400154557,40.0207899387775,5.42849987458567,6.35228356151351,1.54,,6.24564193777105
Thailand,2004,6.28934214285795,2.7591492623108,1.59597338993786,35.3219199713906,5.12847386166865,4.53184095784439,1.51,0.949922531687858,5.79279814667161
Thailand,2005,4.18763842884337,4.54036919634535,-4.036464315232,32.3646539880224,4.35228452163586,-1.0484330304734,1.35,-0.354173197273536,6.09647929371457
Thailand,2006,4.96781089246107,4.63747436011765,1.04380762367253,29.3734719135804,5.08069119941126,3.26373787533432,1.22,1.11279460175694,8.15519670247754
Thailand,2007,5.43515169050809,2.24154095286803,5.92665423116418,24.8651595188882,5.93095596443651,7.87132335077913,1.18,3.48698568702785,6.25297359488566
Thailand,2008,1.72569884866334,5.46848949649845,0.319466151466348,23.7603550819429,6.08023546479043,2.39582467328235,1.18,0.654506894891978,9.16478327823315
Thailand,2009,-0.690618232300579,-0.845716092316721,7.87655950254756,29.7717121971311,9.81395828770852,9.60780612894098,1.49,4.57231980497401,6.76441683206241
Thailand,2010,7.51339053261624,3.24758842443723,3.3673246721925,32.7909524216425,9.07256013862831,5.72182368019674,0.622,0.243128638611464,10.9429050955698
Thailand,2011,0.840132083053334,3.80879058139634,2.54217096328341,32.5198283572833,7.74152006876012,2.03441153574638,0.66,1.2766820317925,15.1209680158006
Thailand,2012,7.24279620249642,3.01489950334985,-1.23233637957653,39.8440632252626,7.26906226177322,0.227532749356617,0.58,3.21675712469183,10.3754478189973
Thailand,2013,2.68749556320556,2.18488618530687,-2.10153458942232,39.096781273119,6.51019841309144,1.88000797202791,0.249,3.22433498210821,7.32085031482377
Thailand,2014,0.984468863619426,1.8951418189878,2.8582840987004,38.0258800496312,6.66361179348733,5.88277487803757,0.576,3.45784317114814,4.64784956646177
Thailand,2015,3.13404724911635,-0.900424963291569,6.91581517168622,32.3148092281891,7.35463205001602,10.4337183886468,0.597,3.98101397309843,4.43563648660048
Thailand,2016,3.43515771692182,0.188149704448143,10.5083543932086,33.2711074983591,8.34136438746497,13.5665406494723,0.688,1.78511916997275,4.22178650304791
Thailand,2017,4.1776810321001,0.665631893135106,9.6310301918214,35.229827656924,8.78162959167525,12.4542374991155,0.83,2.46971462408852,5.01277099942724
Turkiye,1990,9.26614667149315,60.3038691346447,-1.74238577195045,33.3613710496846,3.1611868376464,-4.21278979657569,,,53.0784361009812
Turkiye,1991,0.720279035610119,65.978567991895,0.165524841501632,34.2878283206299,2.85972029652918,-2.79375144516835,8.21,,82.9299971922575
Turkiye,1992,5.03563493896803,70.0761038690374,-0.612175223712419,36.1437921713991,2.98288711526786,-2.95289417652611,8.509,,78.1406013654508
Turkiye,1993,7.65126520301509,66.0938429820004,-3.56565306523328,38.6140215164291,2.51197349949084,-5.66948207576583,8.962,,64.2219816444731
Turkiye,1994,-4.66814736394839,105.214986469202,2.01377036999334,52.006057514151,3.40113427671981,0.978410073484351,8.577,,144.796792283409
Turkiye,1995,7.87826687618991,89.1133172248499,-0.99616690058046,44.4149487654801,3.72027864167706,0.65522101870179,7.644,,104.189575356313
Turkiye,1996,7.15779847930847,80.4121511388042,-0.973371226633304,45.1584550856343,4.01481843420629,-0.531495252067271,6.629,,116.539752813045
Turkiye,1997,7.3578623747848,85.6693616499779,-0.999933462545818,45.3375702170046,3.9115922183397,0.11700413387833,6.841,,97.795962978652
Turkiye,1998,1.90857064345151,84.6413434846314,0.724544822196581,35.5197964688648,4.10647163475539,0.93197566539943,6.888,,89.3165372669224
Turkiye,1999,-3.05277055759434,64.8674876350757,-0.360379399136068,40.2534004567491,5.46612415757457,-0.00498917662931236,7.687,,101.990903596583
Turkiye,2000,6.98528697817062,54.9153705812683,-3.61057524589502,43.2121592012955,4.15738738710061,-2.50784216732289,6.495,,40.6579603704381
Turkiye,2001,-5.45940838563062,54.4001887619074,1.85959025093731,57.4050808197224,4.59996500318701,4.64933731885119,8.381,,90.3681345819734
Turkiye,2002,6.43550883793114,44.964120947985,-0.259990521546323,55.901957136984,5.6418668646411,2.42764213538544,10.358,,27.8854548386466
Turkiye,2003,5.79909321038525,21.6024384490573,-2.39510781690365,48.0065470233487,5.24559296762759,0.0211661117711708,10.542,,14.4368313894372
Turkiye,2004,9.92540551918624,8.59826168115262,-3.46160310805252,41.0343944750811,4.07383655222626,-1.2845801756369,10.838,,20.7916923029449
Turkiye,2005,9.11157745861635,8.17916036802008,-4.12736838327371,35.5841267097801,4.74021599368579,-2.07123439281512,10.636,,35.9674535965493
Turkiye,2006,7.06762607623939,9.59724212288446,-5.5679426761279,39.4750573117788,4.83278965480535,-3.59430600497415,10.227,,22.1742755205438
Turkiye,2007,5.10818513903604,8.75618090972632,-5.39177822047968,39.8040022720477,4.81895725661339,-3.65230751340748,10.285,,15.2256667825437
Turkiye,2008,0.920118221365883,10.4441283764885,-5.0844969449165,38.5984279883647,3.91083997729574,-2.91849408664854,10.965,,24.8236892617555
Turkiye,2009,-4.88269401706633,6.25097663090626,-1.73697758122388,44.5736356122904,5.4952405363962,0.476580482539053,14.026,,12.659447539705
Turkiye,2010,8.54219848467686,8.56644420552976,-5.70254261669491,41.0990751678409,4.98149669912827,-3.76344510314783,11.879,,18.5468590903933
Turkiye,2011,10.9799625273598,6.471879671151,-8.81351105932507,38.6013112607881,4.01504832644044,-6.67086901506326,9.789,,15.2040266142652
Turkiye,2012,4.80762696633448,8.89156996512163,-4.72096418758118,40.4357594121779,5.52884305144567,-3.39612506729306,9.21,,10.4222746838655
Turkiye,2013,8.48825689298511,7.49309030547693,-5.12686124176872,42.3711460982425,5.46467548164703,-4.26183338158831,9.713,,21.1528217605728
Turkiye,2014,4.60079447270559,8.85457271364316,-3.40746259930754,44.4602073781668,5.46656223125612,-2.67212467047683,9.901,,11.1834252618819
Turkiye,2015,5.80557386628684,7.67085364845885,-2.46735825450658,46.7405303729401,5.46401299517088,-1.31335609821325,10.304,,16.5146558080824
Turkiye,2016,3.32366508200445,7.7751341532833,-2.54530792537505,46.3614777541171,5.43169973687983,-1.60577894110722,10.899,,17.6487882326682
Turkiye,2017,7.82585730002594,11.1443110840764,-4.06783613710293,52.6882928024745,4.7879486495226,-3.05666052974179,10.919,,16.3519224190184
Ukraine,1990,-6.34523512831163,,,,,-1.07784431137725,,,
Ukraine,1991,-8.6999999997216,,,,,2.17391304347826,1.9,,
Ukraine,1992,-9.90000000204168,,,0.745455854506485,,1.99086032187562,1.9,-90.5953895690587,
Ukraine,1993,-14.1999999993643,4734.91434744585,,6.01827693350568,,-0.312936272955966,2.0,-91.7214816284213,1809.15219207616
Ukraine,1994,-22.8999999992283,891.187748133705,-2.21314802923152,10.8276923525772,0.447777210399153,-3.16630516319992,2.0,-66.7345983429954,567.909882994573
Ukraine,1995,-12.2000000007385,376.746174768209,-2.38935460545648,17.6919760042107,0.714129409250617,-3.08319750269735,5.62,-56.8251776566729,115.50423384318
Ukraine,1996,-10.0,80.3255014551742,-2.65716127037868,21.6847987608499,1.1528466290837,-2.55278094677315,7.65,8.26845049497662,35.1292596805472
Ukraine,1997,-2.99999999842365,15.940599414943,-2.66193266213249,22.4892081855559,1.24738599598836,-3.05896385155037,8.93,26.2910759245072,33.919769798979
Ukraine,1998,-1.90000000214164,10.5771611482514,-3.09436943261236,31.8764804703982,0.506383604946198,-2.27403399842094,11.32,37.9286524289287,24.0447808125888
Ukraine,1999,-0.200000000106499,22.6836718061345,5.25005200472241,51.2934005540178,0.862517007137996,5.45587448827832,11.864,21.6268360560101,40.5796002181457
Ukraine,2000,5.90000000024899,28.2030972388552,4.14516299850109,45.8970249142014,0.984418727528146,4.8583984375,11.707,11.0014569626244,44.5449515817961
Ukraine,2001,8.80000000367222,11.9588085390459,3.36813562211436,59.4734683771174,1.83355067426537,1.37184799337043,11.061,20.0334624721958,44.7478575834943
Ukraine,2002,5.33964720719075,0.75742084639286,7.23448030648592,56.2032642628855,2.55820018693737,4.24279698297585,10.136,19.0926391889736,42.3419158412813
Ukraine,2003,9.51660986436364,5.17967781908315,5.57773535288709,52.1994087018172,3.10265862359196,2.49607903228714,9.057,8.99608127369122,46.3777455385405
Ukraine,2004,11.7953525281136,9.04806786050888,10.2811427404739,49.9846110854182,3.28371767276171,7.41195489226501,8.59,1.81291767240014,31.8572075026617
Ukraine,2005,3.07123039245209,13.5695764909248,2.83956995265949,41.2177495967655,5.32459394188216,0.811895260482152,7.18,-6.38367731879631,54.3858007516501
Ukraine,2006,7.57142076322967,9.05252491133248,-1.44702469655834,51.1822010052832,4.92510456800873,-2.74380639200875,6.81,0.275719908852206,34.5198311308109
Ukraine,2007,8.21584445165715,12.8387796190181,-3.53046707122563,56.8852340521727,5.27777765107755,-5.46673838313101,6.351,-7.28020736362096,51.7472213589823
Ukraine,2008,2.24349159628288,25.226461707384,-6.79441468128891,55.8050608668065,3.64638337337501,-7.65215442982018,6.363,-8.93474204549135,30.1827088220741
Ukraine,2009,-15.1364679101502,15.8811924594476,-1.42819353735104,91.7428679004559,5.20467174195941,-1.61851322327838,8.84,7.31013899639914,-5.51238885474323
Ukraine,2010,4.09200436668087,9.37293105078978,-2.13583862214825,91.5918932375376,5.4348842836294,-2.81665380136268,8.1,1.93111737385511,22.6910970600374
Ukraine,2011,5.44528081048476,7.95572466274652,-6.04309232577169,85.1737693525904,3.70074129183241,-5.99276003611088,7.851,1.54605607669365,14.6591729414952
Ukraine,2012,0.152314967200653,0.568727971803862,-7.85084742299342,74.055964307376,2.65653425745611,-7.85712523370635,7.529,9.64012656225918,12.7909835066834
Ukraine,2013,0.045439094492707,-0.238948626045407,-8.67092024008033,78.2755632633463,2.26497151246287,-8.20690411563471,7.17,11.8306483626893,17.5628423282208
Ukraine,2014,-10.0788949840953,12.0718562874251,-3.44259678457888,96.7265802999128,1.17372014826907,-3.50585885192339,9.27,1.56710691487677,5.25123614602557
Ukraine,2015,-9.7729872128676,48.6998646434424,5.53108477509173,125.025871206995,3.05673680828814,-2.61125728170963,9.14,-12.2829289815693,3.90228755834977
Ukraine,2016,2.44098194492067,13.9127101997797,-1.99880308749136,123.342420933118,3.19264158037654,-6.92396599768505,9.35,1.82756968752029,10.928715698468
Ukraine,2017,2.35997228099491,14.4383227488749,-3.09838910750506,109.407147922562,3.20736546922649,-7.78515020828672,9.5,-4.68048423181966,9.6271963450068
"Venezuela, RB",1990,6.4678522746499,,17.0325429309471,,11.8599247786356,18.6434155632023,,-4.38060846129239,64.8803977512129
"Venezuela, RB",1991,9.72990963006499,,3.24768591983123,,10.7330310468683,4.96072417639289,9.45,12.9384879380317,47.5536137241788
"Venezuela, RB",1992,6.06034937385407,,-6.2052564821256,,7.83456332199024,-2.47316036396616,7.69,10.2018544319991,17.7422866507794
"Venezuela, RB",1993,0.275410410462172,,-3.31959409009165,,8.49464156533079,-0.215649233218854,6.6,21.46355813478,25.5475593704139
"Venezuela, RB",1994,-2.34933212064234,,4.34963710229607,,8.96247977385102,8.28733885622094,8.56,-5.05578705637329,68.8910357090733
"Venezuela, RB",1995,3.95160929610903,,2.6024206362281,,6.20723636239355,5.12018177240074,10.24,-7.91764283249233,36.5614947506536
"Venezuela, RB",1996,-0.197928583722387,,12.6362265887647,,10.6308757087824,14.6961839590495,11.77,-35.3145165456277,68.8074497089111
"Venezuela, RB",1997,6.37100504679063,,4.34774106501336,,8.93491150017267,7.27298480745998,11.16,-7.6614922733382,55.5485679504748
"Venezuela, RB",1998,0.294055160519548,,-4.85237251907378,,6.84001898295984,-1.75841997136463,11.15,23.0987863341021,7.37712144550657
"Venezuela, RB",1999,-5.97045814641012,,2.15569942336792,,8.09183345889941,3.75318731611638,14.53,4.70163709843741,21.6735573631883
"Venezuela, RB",2000,3.6869441668769,,10.1181029223116,,7.41291580022013,11.6312177665847,13.99,-3.2858753296361,33.734085920071
"Venezuela, RB",2001,3.39423610779077,,1.61336203199244,,5.16124154556223,3.32999511296771,13.04,13.3844231339627,10.7348703245856
"Venezuela, RB",2002,-8.85564735286771,,8.18032781959924,,6.75335299968311,12.2914304490221,16.17,2.67218994668386,14.6398208174466
"Venezuela, RB",2003,-7.75530004959877,,14.1065670038791,,13.8334931757829,17.1297714386851,16.78,-7.21866989625879,62.4050738989221
"Venezuela, RB",2004,18.2866066891244,,13.8006284860414,,10.3115377807919,17.0292515320988,15.07,-11.5391025879983,49.9514872516717
"Venezuela, RB",2005,10.3179138043147,,17.4877257502927,,10.0180757604509,19.1899757311082,10.663,-9.8722931586193,47.4398513078883
"Venezuela, RB",2006,9.87214910851037,,14.422475131385,,9.0268303852427,14.371651657427,8.606,-2.05899917326324,72.7361549262953
"Venezuela, RB",2007,8.75357880785845,,5.84466290956638,,5.95759682317509,6.06198223752455,7.279,1.43485845305455,33.8935499673661
"Venezuela, RB",2008,5.27785412398785,,9.9055750430549,,7.02641173975627,9.81432563245868,6.245,-5.96439961739872,28.8009048093836
"Venezuela, RB",2009,-3.20230265749002,27.080941446613,0.13008371520602,,6.65560378056646,-2.37789191917187,6.097,11.1856446074341,23.3315611539432
"Venezuela, RB",2010,-1.48879125078356,28.1874647092039,1.42042436378266,,5.56262402144957,10.9239204520182,7.112,-18.9085587466057,23.5461771314654
"Venezuela, RB",2011,4.17642535923936,26.0902123160959,5.1636396849605,,4.16236192346517,10.247907622598,6.902,-8.58311384652377,49.2045729344607
"Venezuela, RB",2012,5.62595697508632,21.0689956331876,0.694056652948561,,3.60030410963269,8.36678517171879,6.601,-3.73490739702865,53.2897238079186
"Venezuela, RB",2013,1.34309403607486,40.6394275161589,1.77808224034035,,2.78486593083521,-2.0806355007578,7.54,-16.6927476369503,58.8430706651518
"Venezuela, RB",2014,-3.89438647450667,62.1686499794829,2.29121469435025,,3.50312581311524,22.8817205236996,6.821,-42.7246127062301,
"Venezuela, RB",2015,-6.22137102671199,121.738085297503,-12.794816292983,,3.37152426616083,21.1833491858005,6.139,-49.3082677085364,
"Venezuela, RB",2016,-17.0403345996548,254.948534781816,-3.42735582137767,,3.65381748319002,20.9295909705123,5.319,-70.3603635303755,
"Venezuela, RB",2017,-15.6714088720003,,,,,24.0299447679748,5.045,-89.4708018720893,
Viet Nam,1990,5.10091813908369,,,384.011694971632,,-9.23847066261471,,,
Viet Nam,1991,5.96084393218912,,,257.055522657511,,-5.11687371817435,2.14,,
Viet Nam,1992,8.64604745934572,,,255.919606596775,,-4.08569348966815,2.109,,
Viet Nam,1993,8.07273065739605,,,191.06388223495,,-8.76670181736514,2.037,12.5772078193359,13.1768801063396
Viet Nam,1994,8.83898095245374,,,156.576320597098,,-9.44694065388105,1.972,,
Viet Nam,1995,9.54048017491264,,,123.008667409007,,-9.0955552526956,1.955,,
Viet Nam,1996,9.34001749939179,5.67499999999994,-8.19224337661192,107.644463466019,1.62006323557859,-10.9687719529768,1.93,10.4908666421004,25.7952551736556
Viet Nam,1997,8.1520841433542,3.20952606261374,-5.69221074168667,82.6494265485348,1.67065693157512,-8.13907056242686,2.87,7.33532106237832,25.2921093986626
Viet Nam,1998,5.76445545848843,7.2661980440096,-3.94713600744563,84.6549859647473,1.68021976323165,-7.30464175925233,2.29,5.11047870740324,23.8094491308103
Viet Nam,1999,4.77358688344989,4.11710235771736,4.10338164918913,82.8326094688533,2.81499203601051,-2.85491465762536,2.33,6.58752234054448,66.451597275209
Viet Nam,2000,6.78731640463151,-1.71033727851109,3.54799694298148,41.792625574896,2.26421457232101,-3.57410040167917,2.26,6.9057666506376,35.4193184888872
Viet Nam,2001,6.19289331233377,-0.43154451172818,2.08657136826562,39.1741871054437,2.35511336174289,-1.83207143435938,2.76,6.62403546630217,27.3364623562903
Viet Nam,2002,6.32082099160833,3.83082838168467,-1.72255927072095,38.6816313185181,2.21304125688085,-7.21860127631299,2.12,4.16693712269503,13.274534903329
Viet Nam,2003,6.89906349055258,3.23464817293927,-4.88211706972335,40.0605772555549,2.69483955307833,-10.9814386096182,2.25,2.21305791691824,33.0520443309966
Viet Nam,2004,7.53641060890386,7.75494748709601,-2.10663701040253,39.5525077207593,2.44283108743254,-13.5544150399758,2.14,1.18892233628232,31.0499764852015
Viet Nam,2005,7.54724772895918,8.28457243128677,-0.971989162897,32.8651603081175,2.6536574396688,-3.31586070474759,2.078,-6.55288740331808,30.9067104594998
Viet Nam,2006,6.97795481056711,7.41801715108463,-0.246704373698266,28.8741151356014,3.22464007846191,-2.87999321756087,2.046,2.40151725937125,29.6707958733482
Viet Nam,2007,7.12950448605439,8.34444889773837,-8.98165936412439,30.7473585616458,4.07509843575345,-13.5696347920104,2.026,1.41363787147666,49.1059973689467
Viet Nam,2008,5.66177120891362,23.1154483474477,-10.9179529896098,27.5497882153862,3.214583734425,-13.6440957472153,1.889,-5.6163352886234,20.6975270606376
Viet Nam,2009,5.39789754014181,6.71698269988629,-6.23310024019381,32.3054945885018,2.57418384374192,-9.48854958878456,1.737,3.62788141186044,26.2326704190675
Viet Nam,2010,6.42324482239482,9.20746648778413,-2.90486815229253,31.5643856988691,1.62054734201626,-5.62599560601127,1.114,-20.4970819101768,29.7146068413459
Viet Nam,2011,6.41316889681683,18.6777322770707,0.136736251193688,32.3790967192749,1.4173501296534,-2.90026649843804,0.999,-3.67326480415152,11.9424460401465
Viet Nam,2012,5.5045447041189,9.09470339557192,4.82078231422777,32.875948016499,2.48702822538998,3.7237330617418,1.027,4.02832802666538,24.5447476994067
Viet Nam,2013,5.55351081026072,6.59267475899192,3.62409015316054,32.1019722734645,2.14652156785821,2.75453711707937,1.316,6.08970870368918,21.3994701544947
Viet Nam,2014,6.42224312118567,4.08455446637617,4.00897026449707,33.2733273586748,2.53633468509765,3.78663044604972,1.256,4.78973116512498,19.7400184853866
Viet Nam,2015,6.98715430598611,0.631200905175754,-0.853052854546214,36.0276512949194,1.8503725793752,0.931475478661779,1.848,8.98829687567201,14.9084399187805
Viet Nam,2016,6.69000892660424,2.66824816969082,0.243099852637275,37.2434368821309,2.22398532927413,2.8050645381185,1.848,5.04860292807267,17.8803568555182
Viet Nam,2017,6.94019037359206,3.52025688811617,-0.586095207209378,41.5701252327449,2.46290138784708,2.54496001226139,1.874,2.59151415896465,14.2563683115213
